==================== 2026-08-13T17:27:03.348073Z | 019ffc29-c3af-7060-8c5d-f865b1703082 ====================
17:27:03.348305 [info ]: dbt-fusion 2.0.0-preview.205
17:27:03.349146 [info ]: Started loading project
17:27:03.353568 [info ]: Loading ~/.dbt/profiles.yml
17:27:03.355480 [info ]: Finished loading project [  0.01s]
17:27:03.355782 [info ]: Started debugging
17:27:03.355961 [info ]: Debugging profile: dev
17:27:03.356232 [info ]: Debugging dbt version: 2.0.0-preview.205
17:27:03.356394 [info ]: Debugging platform: windows x86_64 (windows)
17:27:03.356659 [info ]: Debugging adapter type: duckdb (remote)
17:27:03.462921 [info ]: Debugging dependencies:
  git: OK
17:27:03.468725 [info ]: Debugging connection:
  "path": "meu_banco.duckdb"
17:27:07.933366 [debug]: Query executed on node unknown:
select 1 as id
17:27:07.933533 [info ]: Debugging connection test: OK
17:27:07.942381 [info ]: Debugged All checks passed!
17:27:07.953489 [info ]: Finished debugging [  4.60s]
17:27:08.746287 [info ]: 
==================== Execution Summary =====================
Finished 'debug' successfully for target 'dev' [5.4s]
==================== 2026-08-13T17:28:03.428718Z | 019ffc2a-ae60-79f2-aecd-c9af433f09c2 ====================
17:28:03.428998 [info ]: dbt-fusion 2.0.0-preview.205
17:28:03.429814 [info ]: Started loading project
17:28:03.434470 [info ]: Loading ~/.dbt/profiles.yml
17:28:03.450884 [debug]:    Started loading packages
17:28:03.454622 [debug]:     Loaded [  0.00s] packages
17:28:03.456031 [info ]: Finished loading project [  0.03s]
17:28:03.457390 [info ]: Started parsing
17:28:03.519012 [error]: [SerializationError (dbt1013)]: Invalid model definition `meu_projeto.+ materialized`: models.meu_projeto.+ materialized: invalid type: string "view", expected struct ProjectModelConfig at line 8 column 21
  --> dbt_project.yml:8:21
17:28:03.526404 [debug]: Finished parsing models/staging/stg_tips.sql [  0.00s]
17:28:03.952031 [error]: [CyclicDependency (dbt1022)]: Model 'stg_tips' cannot reference itself
  --> models/staging/stg_tips.sql:17:6
17:28:03.953856 [info ]: Finished parsing [  0.50s]
17:28:04.979568 [info ]: suggestion: Run 'dbt deps' to see the latest fusion compatible packages. For compatibility errors, try the autofix script: https://github.com/dbt-labs/dbt-autofix
17:28:04.979568 [info ]: 
==================== Execution Summary =====================
Finished 'run' with 2 errors for target 'dev' [1.6s]
==================== 2026-08-13T17:31:48.917727Z | 019ffc2e-1f32-7b33-9309-340b46da471f ====================
17:31:48.917975 [info ]: dbt-fusion 2.0.0-preview.205
17:31:48.918624 [info ]: Started loading project
17:31:48.923754 [info ]: Loading ~/.dbt/profiles.yml
17:31:48.935293 [debug]:    Started loading packages
17:31:48.940397 [debug]:     Loaded [  0.01s] packages
17:31:48.942380 [info ]: Finished loading project [  0.02s]
17:31:48.945155 [info ]: Started parsing
17:31:49.012488 [debug]: Finished parsing models/marts/fct_resumo.sql [  0.00s]
17:31:49.013326 [debug]: Finished parsing models/staging/stg_tips.sql [  0.00s]
17:31:49.361778 [info ]: Finished parsing [  0.42s]
17:31:49.363077 [info ]: Started scheduling
17:31:49.363593 [info ]: Finished scheduling [  0.00s]
17:31:49.394010 [debug]: No platform credentials found, skipping remote license
17:31:49.394384 [debug]: License check failed: Feature not licensed: 'lineage'
17:31:49.394944 [info ]: Started building task graph
17:31:49.395208 [info ]: Finished building task graph [  0.00s]
17:31:49.449676 [debug]: Query executed on node unknown:
/* {"app": "dbt", "connection_name": "", "dbt_version": "2.0.0", "profile_name": "meu_projeto", "target_name": "dev"} */

    
    select schema_name
    from system.information_schema.schemata
    
    where lower(catalog_name) = '"meu_banco"'
    
  
  
17:31:49.452576 [debug]: Query executed on node unknown:
/* {"app": "dbt", "connection_name": "", "dbt_version": "2.0.0", "profile_name": "meu_projeto", "target_name": "dev"} */

    
        select type from duckdb_databases()
        where lower(database_name)='meu_banco'
        and type='sqlite'
    
  
17:31:49.455201 [debug]: Query executed on node unknown:
/* {"app": "dbt", "connection_name": "", "dbt_version": "2.0.0", "profile_name": "meu_projeto", "target_name": "dev"} */

    
    
        create schema if not exists "meu_banco"."main"
    
17:31:49.455476 [info ]: Started rendering (2 nodes)
17:31:49.455704 [info ]: Started model main.stg_tips
17:31:49.455739 [debug]: Started rendering model main.stg_tips
17:31:49.461636 [debug]: Compiled SQL for node model.meu_projeto.stg_tips at target\compiled\meu_projeto\models\staging\stg_tips.sql
17:31:49.462242 [debug]: Finished rendering [  0.01s] model main.stg_tips [success]
17:31:49.462900 [info ]: Started analyzing (2 nodes)
17:31:49.463153 [debug]: Started analyzing model main.stg_tips
17:31:49.478667 [debug]: Finished analyzing [  0.02s] model main.stg_tips [success]
17:31:49.479138 [info ]: Started running (2 nodes)
17:31:49.480938 [info ]: Started running model main.stg_tips
17:31:49.496464 [debug]: Query executed on node model.meu_projeto.stg_tips:
SELECT table_catalog, table_schema, table_name, table_type FROM information_schema.tables WHERE table_schema = 'main' AND lower(table_catalog) = lower('meu_banco')
17:31:49.502437 [debug]: Writing runtime sql for node "model.meu_projeto.stg_tips"
17:31:49.512712 [debug]: Query executed on node model.meu_projeto.stg_tips:
/* {"app": "dbt", "dbt_version": "2.0.0", "node_id": "model.meu_projeto.stg_tips", "profile_name": "meu_projeto", "target_name": "dev"} */

  
  create view "meu_banco"."main"."stg_tips__dbt_tmp" as (
    select
    total_bill,
    tip,
    sex,
    day,
    total_bill + tip as valor_total
from read_csv_auto('../tips.csv')
  );

17:31:50.530125 [error]: [DbDriverFailed (dbt1308)]: Database Error in model stg_tips (target\run\meu_projeto\models\staging\stg_tips.sql)
  IO Error: No files found that match the pattern "../tips.csv"
  
  LINE 11: from read_csv_auto('../tips.csv')
                ^
  (in run\meu_projeto\models/staging\stg_tips.sql)
17:31:50.530274 [info ]: Finished running [  1.05s] model main.stg_tips [error]
17:31:50.589543 [info ]:     Failed [  1.07s] model main.stg_tips (view)
17:31:50.596293 [info ]: Started model main.fct_resumo
17:31:50.596332 [debug]: Started rendering model main.fct_resumo
17:31:50.596387 [debug]: Finished rendering [  0.00s] model main.fct_resumo [skipped]
17:31:50.596505 [info ]: Finished rendering [  1.14s] (2 nodes, 1 skipped, 0 errors)
17:31:50.597267 [debug]: Started analyzing model main.fct_resumo
17:31:50.597319 [debug]: Finished analyzing [  0.00s] model main.fct_resumo [skipped]
17:31:50.597447 [info ]: Finished analyzing [  1.13s] (2 nodes, 1 skipped, 0 errors)
17:31:50.598031 [info ]: Started running model main.fct_resumo
17:31:50.598082 [info ]: Finished running [  0.00s] model main.fct_resumo [skipped]
17:31:50.598180 [info ]: Finished running [  1.12s] (2 nodes, 1 skipped, 1 errors)
17:31:50.598582 [info ]:    Skipped [-------] model main.fct_resumo (view)
17:31:50.802132 [info ]: 
==================== Execution Summary =====================
Finished 'run' with 1 error for target 'dev' [1.9s]
Processed: 2 models
Summary: 2 total | 1 error | 1 skipped
==================== 2026-08-13T17:32:18.160307Z | 019ffc2e-916c-7f63-9753-0bd7f274f42d ====================
17:32:18.160641 [info ]: dbt-fusion 2.0.0-preview.205
17:32:18.161384 [info ]: Started loading project
17:32:18.166934 [info ]: Loading ~/.dbt/profiles.yml
17:32:18.182774 [debug]:    Started loading packages
17:32:18.189267 [debug]:     Loaded [  0.01s] packages
17:32:18.191387 [info ]: Finished loading project [  0.03s]
17:32:18.193007 [info ]: Started parsing
17:32:18.282925 [debug]: Finished parsing models/marts/fct_resumo.sql [  0.00s]
17:32:18.284114 [debug]: Finished parsing models/staging/stg_tips.sql [  0.00s]
17:32:18.729962 [info ]: Finished parsing [  0.54s]
17:32:18.731556 [info ]: Started scheduling
17:32:18.731934 [info ]: Finished scheduling [  0.00s]
17:32:18.749708 [debug]: No platform credentials found, skipping remote license
17:32:18.750185 [debug]: License check failed: Feature not licensed: 'lineage'
17:32:18.750780 [info ]: Started building task graph
17:32:18.751180 [info ]: Finished building task graph [  0.00s]
17:32:19.045512 [debug]: Query executed on node unknown:
/* {"app": "dbt", "connection_name": "", "dbt_version": "2.0.0", "profile_name": "meu_projeto", "target_name": "dev"} */

    
    select schema_name
    from system.information_schema.schemata
    
    where lower(catalog_name) = '"meu_banco"'
    
  
  
17:32:19.048891 [debug]: Query executed on node unknown:
/* {"app": "dbt", "connection_name": "", "dbt_version": "2.0.0", "profile_name": "meu_projeto", "target_name": "dev"} */

    
        select type from duckdb_databases()
        where lower(database_name)='meu_banco'
        and type='sqlite'
    
  
17:32:19.050262 [debug]: Query executed on node unknown:
/* {"app": "dbt", "connection_name": "", "dbt_version": "2.0.0", "profile_name": "meu_projeto", "target_name": "dev"} */

    
    
        create schema if not exists "meu_banco"."main"
    
17:32:19.050513 [info ]: Started rendering (2 nodes)
17:32:19.050795 [info ]: Started model main.stg_tips
17:32:19.050831 [debug]: Started rendering model main.stg_tips
17:32:19.050880 [info ]: Started model main.fct_resumo
17:32:19.050901 [debug]: Started rendering model main.fct_resumo
17:32:19.053573 [debug]: Compiled SQL for node model.meu_projeto.stg_tips at target\compiled\meu_projeto\models\staging\stg_tips.sql
17:32:19.054406 [debug]: Compiled SQL for node model.meu_projeto.fct_resumo at target\compiled\meu_projeto\models\marts\fct_resumo.sql
17:32:19.053779 [debug]: Finished rendering [  0.00s] model main.stg_tips [success]
17:32:19.055809 [info ]: Started analyzing (2 nodes)
17:32:19.056019 [debug]: Started analyzing model main.stg_tips
17:32:19.056104 [debug]: Finished rendering [  0.01s] model main.fct_resumo [success]
17:32:19.060821 [info ]: Finished rendering [  0.01s] (2 nodes, 0 skipped, 0 errors)
17:32:19.061378 [debug]: Started analyzing model main.fct_resumo
17:32:19.069882 [debug]: Finished analyzing [  0.01s] model main.stg_tips [success]
17:32:19.076348 [info ]: Started running (2 nodes)
17:32:19.076601 [info ]: Started running model main.stg_tips
17:32:19.076672 [debug]: Finished analyzing [  0.02s] model main.fct_resumo [success]
17:32:19.077449 [info ]: Finished analyzing [  0.02s] (2 nodes, 0 skipped, 0 errors)
17:32:19.077900 [info ]: Started running model main.fct_resumo
17:32:19.096210 [debug]: Query executed on node model.meu_projeto.stg_tips:
SELECT table_catalog, table_schema, table_name, table_type FROM information_schema.tables WHERE table_schema = 'main' AND lower(table_catalog) = lower('meu_banco')
17:32:19.096280 [debug]: Query executed on node model.meu_projeto.fct_resumo:
SELECT table_catalog, table_schema, table_name, table_type FROM information_schema.tables WHERE table_schema = 'main' AND lower(table_catalog) = lower('meu_banco')
17:32:19.103297 [debug]: Writing runtime sql for node "model.meu_projeto.fct_resumo"
17:32:19.107275 [debug]: Writing runtime sql for node "model.meu_projeto.stg_tips"
17:32:19.133438 [debug]: Query executed on node model.meu_projeto.fct_resumo:
/* {"app": "dbt", "dbt_version": "2.0.0", "node_id": "model.meu_projeto.fct_resumo", "profile_name": "meu_projeto", "target_name": "dev"} */

  
  create view "meu_banco"."main"."fct_resumo__dbt_tmp" as (
    select
    day,
    sex,
    sum(valor_total) as total_vendas,
    avg(valor_total) as media_vendas,
    count(*) as quantidade
from stg_tips
group by 1,2
  );

17:32:19.133438 [debug]: Query executed on node model.meu_projeto.stg_tips:
/* {"app": "dbt", "dbt_version": "2.0.0", "node_id": "model.meu_projeto.stg_tips", "profile_name": "meu_projeto", "target_name": "dev"} */

  
  create view "meu_banco"."main"."stg_tips__dbt_tmp" as (
    select
    total_bill,
    tip,
    sex,
    day,
    total_bill + tip as valor_total
from read_csv_auto('../tips.csv')
  );

17:32:20.134291 [error]: [DbDriverFailed (dbt1308)]: Database Error in model fct_resumo (target\run\meu_projeto\models\marts\fct_resumo.sql)
  Catalog Error: Table with name stg_tips does not exist!
  Did you mean "pg_settings"?
  
  LINE 11: from stg_tips
                ^
  (in run\meu_projeto\models/marts\fct_resumo.sql)
17:32:20.134291 [error]: [DbDriverFailed (dbt1308)]: Database Error in model stg_tips (target\run\meu_projeto\models\staging\stg_tips.sql)
  IO Error: No files found that match the pattern "../tips.csv"
  
  LINE 11: from read_csv_auto('../tips.csv')
                ^
  (in run\meu_projeto\models/staging\stg_tips.sql)
17:32:20.134496 [info ]: Finished running [  1.06s] model main.fct_resumo [error]
17:32:20.134996 [info ]:     Failed [  1.08s] model main.fct_resumo (view)
17:32:20.135592 [info ]: Finished running [  1.06s] model main.stg_tips [error]
17:32:20.136061 [info ]: Finished running [  1.06s] (2 nodes, 0 skipped, 2 errors)
17:32:20.136674 [info ]:     Failed [  1.07s] model main.stg_tips (view)
17:32:20.298644 [info ]: 
==================== Execution Summary =====================
Finished 'run' with 2 errors for target 'dev' [2.1s]
Processed: 2 models
Summary: 2 total | 2 error
==================== 2026-08-13T17:32:48.586577Z | 019ffc2f-0846-7093-a112-4ba2ef814073 ====================
17:32:48.586789 [info ]: dbt-fusion 2.0.0-preview.205
17:32:48.587567 [info ]: Started loading project
17:32:48.591917 [info ]: Loading ~/.dbt/profiles.yml
17:32:48.608563 [debug]:    Started loading packages
17:32:48.613341 [debug]:     Loaded [  0.00s] packages
17:32:48.616742 [info ]: Finished loading project [  0.03s]
17:32:48.617615 [info ]: Started parsing
17:32:48.681633 [debug]: Finished parsing models/marts/fct_resumo.sql [  0.00s]
17:32:48.682502 [debug]: Finished parsing models/staging/stg_tips.sql [  0.00s]
17:32:49.166618 [info ]: Finished parsing [  0.55s]
17:32:49.167882 [info ]: Started scheduling
17:32:49.168290 [info ]: Finished scheduling [  0.00s]
17:32:49.188725 [debug]: No platform credentials found, skipping remote license
17:32:49.189247 [debug]: License check failed: Feature not licensed: 'lineage'
17:32:49.189842 [info ]: Started building task graph
17:32:49.190089 [info ]: Finished building task graph [  0.00s]
17:32:49.250841 [debug]: Query executed on node unknown:
/* {"app": "dbt", "connection_name": "", "dbt_version": "2.0.0", "profile_name": "meu_projeto", "target_name": "dev"} */

    
    select schema_name
    from system.information_schema.schemata
    
    where lower(catalog_name) = '"meu_banco"'
    
  
  
17:32:49.252581 [debug]: Query executed on node unknown:
/* {"app": "dbt", "connection_name": "", "dbt_version": "2.0.0", "profile_name": "meu_projeto", "target_name": "dev"} */

    
        select type from duckdb_databases()
        where lower(database_name)='meu_banco'
        and type='sqlite'
    
  
17:32:49.253407 [debug]: Query executed on node unknown:
/* {"app": "dbt", "connection_name": "", "dbt_version": "2.0.0", "profile_name": "meu_projeto", "target_name": "dev"} */

    
    
        create schema if not exists "meu_banco"."main"
    
17:32:49.253591 [info ]: Started rendering (2 nodes)
17:32:49.253799 [info ]: Started model main.stg_tips
17:32:49.253832 [debug]: Started rendering model main.stg_tips
17:32:49.253938 [info ]: Started model main.fct_resumo
17:32:49.254006 [debug]: Started rendering model main.fct_resumo
17:32:49.256169 [debug]: Compiled SQL for node model.meu_projeto.stg_tips at target\compiled\meu_projeto\models\staging\stg_tips.sql
17:32:49.256451 [debug]: Finished rendering [  0.00s] model main.stg_tips [success]
17:32:49.257400 [info ]: Started analyzing (2 nodes)
17:32:49.257602 [debug]: Started analyzing model main.stg_tips
17:32:49.260637 [debug]: Compiled SQL for node model.meu_projeto.fct_resumo at target\compiled\meu_projeto\models\marts\fct_resumo.sql
17:32:49.260954 [debug]: Finished rendering [  0.01s] model main.fct_resumo [success]
17:32:49.262873 [info ]: Finished rendering [  0.01s] (2 nodes, 0 skipped, 0 errors)
17:32:49.266601 [debug]: Started analyzing model main.fct_resumo
17:32:49.273675 [debug]: Finished analyzing [  0.02s] model main.stg_tips [success]
17:32:49.275437 [info ]: Started running (2 nodes)
17:32:49.275791 [info ]: Started running model main.stg_tips
17:32:49.279312 [debug]: Finished analyzing [  0.01s] model main.fct_resumo [success]
17:32:49.279678 [info ]: Finished analyzing [  0.02s] (2 nodes, 0 skipped, 0 errors)
17:32:49.280056 [info ]: Started running model main.fct_resumo
17:32:49.291080 [debug]: Query executed on node model.meu_projeto.fct_resumo:
SELECT table_catalog, table_schema, table_name, table_type FROM information_schema.tables WHERE table_schema = 'main' AND lower(table_catalog) = lower('meu_banco')
17:32:49.291098 [debug]: Query executed on node model.meu_projeto.stg_tips:
SELECT table_catalog, table_schema, table_name, table_type FROM information_schema.tables WHERE table_schema = 'main' AND lower(table_catalog) = lower('meu_banco')
17:32:49.296270 [debug]: Writing runtime sql for node "model.meu_projeto.stg_tips"
17:32:49.296270 [debug]: Writing runtime sql for node "model.meu_projeto.fct_resumo"
17:32:49.300999 [debug]: Query executed on node model.meu_projeto.fct_resumo:
/* {"app": "dbt", "dbt_version": "2.0.0", "node_id": "model.meu_projeto.fct_resumo", "profile_name": "meu_projeto", "target_name": "dev"} */

  
  create view "meu_banco"."main"."fct_resumo__dbt_tmp" as (
    select
    day,
    sex,
    sum(valor_total) as total_vendas,
    avg(valor_total) as media_vendas,
    count(*) as quantidade
from stg_tips
group by 1,2
  );

17:32:49.302944 [debug]: Query executed on node model.meu_projeto.stg_tips:
/* {"app": "dbt", "dbt_version": "2.0.0", "node_id": "model.meu_projeto.stg_tips", "profile_name": "meu_projeto", "target_name": "dev"} */

  
  create view "meu_banco"."main"."stg_tips__dbt_tmp" as (
    select
    total_bill,
    tip,
    sex,
    day,
    total_bill + tip as valor_total
from read_csv_auto('../tips.csv')
  );

17:32:50.301839 [error]: [DbDriverFailed (dbt1308)]: Database Error in model fct_resumo (target\run\meu_projeto\models\marts\fct_resumo.sql)
  Catalog Error: Table with name stg_tips does not exist!
  Did you mean "pg_settings"?
  
  LINE 11: from stg_tips
                ^
  (in run\meu_projeto\models/marts\fct_resumo.sql)
17:32:50.302012 [info ]: Finished running [  1.02s] model main.fct_resumo [error]
17:32:50.303055 [info ]:     Failed [  1.04s] model main.fct_resumo (view)
17:32:50.304121 [error]: [DbDriverFailed (dbt1308)]: Database Error in model stg_tips (target\run\meu_projeto\models\staging\stg_tips.sql)
  IO Error: No files found that match the pattern "../tips.csv"
  
  LINE 11: from read_csv_auto('../tips.csv')
                ^
  (in run\meu_projeto\models/staging\stg_tips.sql)
17:32:50.304290 [info ]: Finished running [  1.03s] model main.stg_tips [error]
17:32:50.304927 [info ]: Finished running [  1.03s] (2 nodes, 0 skipped, 2 errors)
17:32:50.305799 [info ]:     Failed [  1.05s] model main.stg_tips (view)
17:32:50.497455 [info ]: 
==================== Execution Summary =====================
Finished 'run' with 2 errors for target 'dev' [1.9s]
Processed: 2 models
Summary: 2 total | 2 error
==================== 2026-08-13T17:40:28.443419Z | 019ffc36-0c97-72a0-ba55-aae548bba34c ====================
17:40:28.443641 [info ]: dbt-fusion 2.0.0-preview.205
17:40:28.444616 [info ]: Started loading project
17:40:28.449046 [info ]: Loading ~/.dbt/profiles.yml
17:40:28.467147 [debug]:    Started loading packages
17:40:28.473009 [debug]:     Loaded [  0.01s] packages
17:40:28.475414 [info ]: Finished loading project [  0.03s]
17:40:28.476472 [info ]: Started parsing
17:40:28.542892 [debug]: Finished parsing models/marts/fct_resumo.sql [  0.00s]
17:40:28.543855 [debug]: Finished parsing models/staging/stg_tips.sql [  0.00s]
17:40:28.875350 [info ]: Finished parsing [  0.40s]
17:40:28.876721 [info ]: Started scheduling
17:40:28.877237 [info ]: Finished scheduling [  0.00s]
17:40:28.891105 [debug]: No platform credentials found, skipping remote license
17:40:28.891493 [debug]: License check failed: Feature not licensed: 'lineage'
17:40:28.892054 [info ]: Started building task graph
17:40:28.892326 [info ]: Finished building task graph [  0.00s]
17:40:28.953866 [debug]: Query executed on node unknown:
/* {"app": "dbt", "connection_name": "", "dbt_version": "2.0.0", "profile_name": "meu_projeto", "target_name": "dev"} */

    
    select schema_name
    from system.information_schema.schemata
    
    where lower(catalog_name) = '"meu_banco"'
    
  
  
17:40:28.956398 [debug]: Query executed on node unknown:
/* {"app": "dbt", "connection_name": "", "dbt_version": "2.0.0", "profile_name": "meu_projeto", "target_name": "dev"} */

    
        select type from duckdb_databases()
        where lower(database_name)='meu_banco'
        and type='sqlite'
    
  
17:40:28.957240 [debug]: Query executed on node unknown:
/* {"app": "dbt", "connection_name": "", "dbt_version": "2.0.0", "profile_name": "meu_projeto", "target_name": "dev"} */

    
    
        create schema if not exists "meu_banco"."main"
    
17:40:28.957418 [info ]: Started rendering (2 nodes)
17:40:28.957628 [info ]: Started model main.stg_tips
17:40:28.957662 [debug]: Started rendering model main.stg_tips
17:40:28.959680 [debug]: Compiled SQL for node model.meu_projeto.stg_tips at target\compiled\meu_projeto\models\staging\stg_tips.sql
17:40:28.959939 [debug]: Finished rendering [  0.00s] model main.stg_tips [success]
17:40:28.960340 [info ]: Started analyzing (2 nodes)
17:40:28.960703 [debug]: Started analyzing model main.stg_tips
17:40:28.972240 [debug]: Finished analyzing [  0.01s] model main.stg_tips [success]
17:40:28.973097 [info ]: Started running (2 nodes)
17:40:28.973325 [info ]: Started running model main.stg_tips
17:40:28.985191 [debug]: Query executed on node model.meu_projeto.stg_tips:
SELECT table_catalog, table_schema, table_name, table_type FROM information_schema.tables WHERE table_schema = 'main' AND lower(table_catalog) = lower('meu_banco')
17:40:28.990964 [debug]: Writing runtime sql for node "model.meu_projeto.stg_tips"
17:40:28.994934 [debug]: Query executed on node model.meu_projeto.stg_tips:
/* {"app": "dbt", "dbt_version": "2.0.0", "node_id": "model.meu_projeto.stg_tips", "profile_name": "meu_projeto", "target_name": "dev"} */

  
  create view "meu_banco"."main"."stg_tips__dbt_tmp" as (
    select
    total_bill,
    tip,
    sex,
    day,
    total_bill + tip as valor_total
from read_csv_auto('../../../pandas/tips.csv')
  );

17:40:29.996145 [error]: [DbDriverFailed (dbt1308)]: Database Error in model stg_tips (target\run\meu_projeto\models\staging\stg_tips.sql)
  IO Error: No files found that match the pattern "../../../pandas/tips.csv"
  
  LINE 11: from read_csv_auto('../../../pandas/tips.csv')
                ^
  (in run\meu_projeto\models/staging\stg_tips.sql)
17:40:29.996316 [info ]: Finished running [  1.02s] model main.stg_tips [error]
17:40:29.997977 [info ]:     Failed [  1.03s] model main.stg_tips (view)
17:40:29.999376 [info ]: Started model main.fct_resumo
17:40:29.999413 [debug]: Started rendering model main.fct_resumo
17:40:29.999475 [debug]: Finished rendering [  0.00s] model main.fct_resumo [skipped]
17:40:30.000071 [info ]: Finished rendering [  1.04s] (2 nodes, 1 skipped, 0 errors)
17:40:30.001009 [debug]: Started analyzing model main.fct_resumo
17:40:30.001066 [debug]: Finished analyzing [  0.00s] model main.fct_resumo [skipped]
17:40:30.001200 [info ]: Finished analyzing [  1.04s] (2 nodes, 1 skipped, 0 errors)
17:40:30.001954 [info ]: Started running model main.fct_resumo
17:40:30.002011 [info ]: Finished running [  0.00s] model main.fct_resumo [skipped]
17:40:30.002143 [info ]: Finished running [  1.03s] (2 nodes, 1 skipped, 1 errors)
17:40:30.002705 [info ]:    Skipped [-------] model main.fct_resumo (view)
17:40:30.189999 [info ]: 
==================== Execution Summary =====================
Finished 'run' with 1 error for target 'dev' [1.7s]
Processed: 2 models
Summary: 2 total | 1 error | 1 skipped
==================== 2026-08-13T17:41:53.827172Z | 019ffc37-5a1f-73e1-a289-32dd3da44030 ====================
17:41:53.827431 [info ]: dbt-fusion 2.0.0-preview.205
17:41:53.828057 [info ]: Started loading project
17:41:53.833106 [info ]: Loading ~/.dbt/profiles.yml
17:41:53.847190 [debug]:    Started loading packages
17:41:53.855458 [debug]:     Loaded [  0.01s] packages
17:41:53.857263 [info ]: Finished loading project [  0.03s]
17:41:53.858312 [info ]: Started parsing
17:41:53.927439 [debug]: Finished parsing models/marts/fct_resumo.sql [  0.00s]
17:41:53.928079 [debug]: Finished parsing models/staging/stg_tips.sql [  0.00s]
17:41:54.251824 [info ]: Finished parsing [  0.39s]
17:41:54.253322 [info ]: Started scheduling
17:41:54.253699 [info ]: Finished scheduling [  0.00s]
17:41:54.267838 [debug]: No platform credentials found, skipping remote license
17:41:54.268182 [debug]: License check failed: Feature not licensed: 'lineage'
17:41:54.268690 [info ]: Started building task graph
17:41:54.268998 [info ]: Finished building task graph [  0.00s]
17:41:54.333381 [debug]: Query executed on node unknown:
/* {"app": "dbt", "connection_name": "", "dbt_version": "2.0.0", "profile_name": "meu_projeto", "target_name": "dev"} */

    
    select schema_name
    from system.information_schema.schemata
    
    where lower(catalog_name) = '"meu_banco"'
    
  
  
17:41:54.335326 [debug]: Query executed on node unknown:
/* {"app": "dbt", "connection_name": "", "dbt_version": "2.0.0", "profile_name": "meu_projeto", "target_name": "dev"} */

    
        select type from duckdb_databases()
        where lower(database_name)='meu_banco'
        and type='sqlite'
    
  
17:41:54.336117 [debug]: Query executed on node unknown:
/* {"app": "dbt", "connection_name": "", "dbt_version": "2.0.0", "profile_name": "meu_projeto", "target_name": "dev"} */

    
    
        create schema if not exists "meu_banco"."main"
    
17:41:54.336340 [info ]: Started rendering (2 nodes)
17:41:54.336522 [info ]: Started model main.stg_tips
17:41:54.336542 [debug]: Started rendering model main.stg_tips
17:41:54.339447 [debug]: Compiled SQL for node model.meu_projeto.stg_tips at target\compiled\meu_projeto\models\staging\stg_tips.sql
17:41:54.339650 [debug]: Finished rendering [  0.00s] model main.stg_tips [success]
17:41:54.340323 [info ]: Started analyzing (2 nodes)
17:41:54.340539 [debug]: Started analyzing model main.stg_tips
17:41:54.353634 [debug]: Finished analyzing [  0.01s] model main.stg_tips [success]
17:41:54.354353 [info ]: Started running (2 nodes)
17:41:54.354547 [info ]: Started running model main.stg_tips
17:41:54.366577 [debug]: Query executed on node model.meu_projeto.stg_tips:
SELECT table_catalog, table_schema, table_name, table_type FROM information_schema.tables WHERE table_schema = 'main' AND lower(table_catalog) = lower('meu_banco')
17:41:54.371964 [debug]: Writing runtime sql for node "model.meu_projeto.stg_tips"
17:41:54.375251 [debug]: Query executed on node model.meu_projeto.stg_tips:
/* {"app": "dbt", "dbt_version": "2.0.0", "node_id": "model.meu_projeto.stg_tips", "profile_name": "meu_projeto", "target_name": "dev"} */

  
  create view "meu_banco"."main"."stg_tips__dbt_tmp" as (
    select
    total_bill,
    tip,
    sex,
    day,
    total_bill + tip as valor_total
from read_csv_auto('../../pandas/tips.csv')
  );

17:41:55.376639 [error]: [DbDriverFailed (dbt1308)]: Database Error in model stg_tips (target\run\meu_projeto\models\staging\stg_tips.sql)
  IO Error: No files found that match the pattern "../../pandas/tips.csv"
  
  LINE 11: from read_csv_auto('../../pandas/tips.csv')
                ^
  (in run\meu_projeto\models/staging\stg_tips.sql)
17:41:55.377434 [info ]: Finished running [  1.02s] model main.stg_tips [error]
17:41:55.378498 [info ]:     Failed [  1.04s] model main.stg_tips (view)
17:41:55.380214 [info ]: Started model main.fct_resumo
17:41:55.380272 [debug]: Started rendering model main.fct_resumo
17:41:55.380353 [debug]: Finished rendering [  0.00s] model main.fct_resumo [skipped]
17:41:55.381368 [info ]: Finished rendering [  1.05s] (2 nodes, 1 skipped, 0 errors)
17:41:55.383074 [debug]: Started analyzing model main.fct_resumo
17:41:55.383163 [debug]: Finished analyzing [  0.00s] model main.fct_resumo [skipped]
17:41:55.383395 [info ]: Finished analyzing [  1.04s] (2 nodes, 1 skipped, 0 errors)
17:41:55.384711 [info ]: Started running model main.fct_resumo
17:41:55.384850 [info ]: Finished running [  0.00s] model main.fct_resumo [skipped]
17:41:55.385091 [info ]: Finished running [  1.03s] (2 nodes, 1 skipped, 1 errors)
17:41:55.386452 [info ]:    Skipped [-------] model main.fct_resumo (view)
17:41:55.558848 [info ]: 
==================== Execution Summary =====================
Finished 'run' with 1 error for target 'dev' [1.7s]
Processed: 2 models
Summary: 2 total | 1 error | 1 skipped
==================== 2026-08-13T17:42:17.794047Z | 019ffc37-b7be-7ee1-a566-b964809251c3 ====================
17:42:17.794361 [info ]: dbt-fusion 2.0.0-preview.205
17:42:17.795160 [info ]: Started loading project
17:42:17.800913 [info ]: Loading ~/.dbt/profiles.yml
17:42:17.819063 [debug]:    Started loading packages
17:42:17.823030 [debug]:     Loaded [  0.00s] packages
17:42:17.824735 [info ]: Finished loading project [  0.03s]
17:42:17.825955 [info ]: Started parsing
17:42:17.897392 [debug]: Finished parsing models/marts/fct_resumo.sql [  0.00s]
17:42:17.898463 [debug]: Finished parsing models/staging/stg_tips.sql [  0.00s]
17:42:18.355737 [info ]: Finished parsing [  0.53s]
17:42:18.356971 [info ]: Started scheduling
17:42:18.357369 [info ]: Finished scheduling [  0.00s]
17:42:18.372447 [debug]: No platform credentials found, skipping remote license
17:42:18.372798 [debug]: License check failed: Feature not licensed: 'lineage'
17:42:18.373171 [info ]: Started building task graph
17:42:18.373399 [info ]: Finished building task graph [  0.00s]
17:42:18.433422 [debug]: Query executed on node unknown:
/* {"app": "dbt", "connection_name": "", "dbt_version": "2.0.0", "profile_name": "meu_projeto", "target_name": "dev"} */

    
    select schema_name
    from system.information_schema.schemata
    
    where lower(catalog_name) = '"meu_banco"'
    
  
  
17:42:18.435635 [debug]: Query executed on node unknown:
/* {"app": "dbt", "connection_name": "", "dbt_version": "2.0.0", "profile_name": "meu_projeto", "target_name": "dev"} */

    
        select type from duckdb_databases()
        where lower(database_name)='meu_banco'
        and type='sqlite'
    
  
17:42:18.436709 [debug]: Query executed on node unknown:
/* {"app": "dbt", "connection_name": "", "dbt_version": "2.0.0", "profile_name": "meu_projeto", "target_name": "dev"} */

    
    
        create schema if not exists "meu_banco"."main"
    
17:42:18.436995 [info ]: Started rendering (2 nodes)
17:42:18.437214 [info ]: Started model main.stg_tips
17:42:18.437238 [debug]: Started rendering model main.stg_tips
17:42:18.439764 [debug]: Compiled SQL for node model.meu_projeto.stg_tips at target\compiled\meu_projeto\models\staging\stg_tips.sql
17:42:18.439926 [debug]: Finished rendering [  0.00s] model main.stg_tips [success]
17:42:18.440638 [info ]: Started analyzing (2 nodes)
17:42:18.440797 [debug]: Started analyzing model main.stg_tips
17:42:18.453233 [debug]: Finished analyzing [  0.01s] model main.stg_tips [success]
17:42:18.453675 [info ]: Started running (2 nodes)
17:42:18.453874 [info ]: Started running model main.stg_tips
17:42:18.466480 [debug]: Query executed on node model.meu_projeto.stg_tips:
SELECT table_catalog, table_schema, table_name, table_type FROM information_schema.tables WHERE table_schema = 'main' AND lower(table_catalog) = lower('meu_banco')
17:42:18.471711 [debug]: Writing runtime sql for node "model.meu_projeto.stg_tips"
17:42:18.475904 [debug]: Query executed on node model.meu_projeto.stg_tips:
/* {"app": "dbt", "dbt_version": "2.0.0", "node_id": "model.meu_projeto.stg_tips", "profile_name": "meu_projeto", "target_name": "dev"} */

  
  create view "meu_banco"."main"."stg_tips__dbt_tmp" as (
    select
    total_bill,
    tip,
    sex,
    day,
    total_bill + tip as valor_total
from read_csv_auto('../../../pandas/tips.csv')
  );

17:42:19.477116 [error]: [DbDriverFailed (dbt1308)]: Database Error in model stg_tips (target\run\meu_projeto\models\staging\stg_tips.sql)
  IO Error: No files found that match the pattern "../../../pandas/tips.csv"
  
  LINE 11: from read_csv_auto('../../../pandas/tips.csv')
                ^
  (in run\meu_projeto\models/staging\stg_tips.sql)
17:42:19.477584 [info ]: Finished running [  1.02s] model main.stg_tips [error]
17:42:19.479106 [info ]:     Failed [  1.04s] model main.stg_tips (view)
17:42:19.480517 [info ]: Started model main.fct_resumo
17:42:19.480556 [debug]: Started rendering model main.fct_resumo
17:42:19.480609 [debug]: Finished rendering [  0.00s] model main.fct_resumo [skipped]
17:42:19.480773 [info ]: Finished rendering [  1.04s] (2 nodes, 1 skipped, 0 errors)
17:42:19.482039 [debug]: Started analyzing model main.fct_resumo
17:42:19.482115 [debug]: Finished analyzing [  0.00s] model main.fct_resumo [skipped]
17:42:19.482296 [info ]: Finished analyzing [  1.04s] (2 nodes, 1 skipped, 0 errors)
17:42:19.483114 [info ]: Started running model main.fct_resumo
17:42:19.483150 [info ]: Finished running [  0.00s] model main.fct_resumo [skipped]
17:42:19.483270 [info ]: Finished running [  1.03s] (2 nodes, 1 skipped, 1 errors)
17:42:19.483706 [info ]:    Skipped [-------] model main.fct_resumo (view)
17:42:19.661974 [info ]: 
==================== Execution Summary =====================
Finished 'run' with 1 error for target 'dev' [1.9s]
Processed: 2 models
Summary: 2 total | 1 error | 1 skipped
==================== 2026-08-13T17:43:29.013725Z | 019ffc38-cdf1-78d2-b27f-5673e38ae86d ====================
17:43:29.014048 [info ]: dbt-fusion 2.0.0-preview.205
17:43:29.014750 [info ]: Started loading project
17:43:29.019602 [info ]: Loading ~/.dbt/profiles.yml
17:43:29.038413 [debug]:    Started loading packages
17:43:29.042398 [debug]:     Loaded [  0.00s] packages
17:43:29.043656 [info ]: Finished loading project [  0.03s]
17:43:29.044747 [info ]: Started parsing
17:43:29.115116 [debug]: Finished parsing models/marts/fct_resumo.sql [  0.00s]
17:43:29.116253 [debug]: Finished parsing models/staging/stg_tips.sql [  0.00s]
17:43:29.451931 [info ]: Finished parsing [  0.41s]
17:43:29.453534 [info ]: Started scheduling
17:43:29.454767 [info ]: Finished scheduling [  0.00s]
17:43:29.473376 [debug]: No platform credentials found, skipping remote license
17:43:29.473791 [debug]: License check failed: Feature not licensed: 'lineage'
17:43:29.474363 [info ]: Started building task graph
17:43:29.475487 [info ]: Finished building task graph [  0.00s]
17:43:29.528829 [debug]: Query executed on node unknown:
/* {"app": "dbt", "connection_name": "", "dbt_version": "2.0.0", "profile_name": "meu_projeto", "target_name": "dev"} */

    
    select schema_name
    from system.information_schema.schemata
    
    where lower(catalog_name) = '"meu_banco"'
    
  
  
17:43:29.530588 [debug]: Query executed on node unknown:
/* {"app": "dbt", "connection_name": "", "dbt_version": "2.0.0", "profile_name": "meu_projeto", "target_name": "dev"} */

    
        select type from duckdb_databases()
        where lower(database_name)='meu_banco'
        and type='sqlite'
    
  
17:43:29.531441 [debug]: Query executed on node unknown:
/* {"app": "dbt", "connection_name": "", "dbt_version": "2.0.0", "profile_name": "meu_projeto", "target_name": "dev"} */

    
    
        create schema if not exists "meu_banco"."main"
    
17:43:29.531649 [info ]: Started rendering (2 nodes)
17:43:29.531854 [info ]: Started model main.stg_tips
17:43:29.531885 [debug]: Started rendering model main.stg_tips
17:43:29.534862 [debug]: Compiled SQL for node model.meu_projeto.stg_tips at target\compiled\meu_projeto\models\staging\stg_tips.sql
17:43:29.535124 [debug]: Finished rendering [  0.00s] model main.stg_tips [success]
17:43:29.537879 [info ]: Started analyzing (2 nodes)
17:43:29.538064 [debug]: Started analyzing model main.stg_tips
17:43:29.547654 [debug]: Finished analyzing [  0.01s] model main.stg_tips [success]
17:43:29.549159 [info ]: Started running (2 nodes)
17:43:29.551239 [info ]: Started running model main.stg_tips
17:43:29.569032 [debug]: Query executed on node model.meu_projeto.stg_tips:
SELECT table_catalog, table_schema, table_name, table_type FROM information_schema.tables WHERE table_schema = 'main' AND lower(table_catalog) = lower('meu_banco')
17:43:29.577223 [debug]: Writing runtime sql for node "model.meu_projeto.stg_tips"
17:43:29.648920 [debug]: Query executed on node model.meu_projeto.stg_tips:
/* {"app": "dbt", "dbt_version": "2.0.0", "node_id": "model.meu_projeto.stg_tips", "profile_name": "meu_projeto", "target_name": "dev"} */

  
  create view "meu_banco"."main"."stg_tips__dbt_tmp" as (
    select
    total_bill,
    tip,
    sex,
    day,
    total_bill + tip as valor_total
from read_csv_auto('C:/Users/tl100/OneDrive/Documents/Carreira dados/teste-volta/pandas/tips.csv')
  );

17:43:29.657602 [debug]: Query executed on node model.meu_projeto.stg_tips:
/* {"app": "dbt", "dbt_version": "2.0.0", "node_id": "model.meu_projeto.stg_tips", "profile_name": "meu_projeto", "target_name": "dev"} */
alter view "meu_banco"."main"."stg_tips__dbt_tmp" rename to "stg_tips"
17:43:29.664845 [debug]: Query executed on node model.meu_projeto.stg_tips:
/* {"app": "dbt", "dbt_version": "2.0.0", "node_id": "model.meu_projeto.stg_tips", "profile_name": "meu_projeto", "target_name": "dev"} */

      drop view if exists "meu_banco"."main"."stg_tips__dbt_backup" cascade
    
17:43:29.666274 [info ]: Finished running [  0.12s] model main.stg_tips [success]
17:43:29.666973 [info ]:  Succeeded [  0.13s] model main.stg_tips (view)
17:43:29.667830 [info ]: Started model main.fct_resumo
17:43:29.667923 [debug]: Started rendering model main.fct_resumo
17:43:29.670340 [debug]: Compiled SQL for node model.meu_projeto.fct_resumo at target\compiled\meu_projeto\models\marts\fct_resumo.sql
17:43:29.670581 [debug]: Finished rendering [  0.00s] model main.fct_resumo [success]
17:43:29.672107 [info ]: Finished rendering [  0.14s] (2 nodes, 0 skipped, 0 errors)
17:43:29.673866 [debug]: Started analyzing model main.fct_resumo
17:43:29.681458 [debug]: Finished analyzing [  0.01s] model main.fct_resumo [success]
17:43:29.681817 [info ]: Finished analyzing [  0.14s] (2 nodes, 0 skipped, 0 errors)
17:43:29.682431 [info ]: Started running model main.fct_resumo
17:43:29.689246 [debug]: Writing runtime sql for node "model.meu_projeto.fct_resumo"
17:43:29.722944 [debug]: Query executed on node model.meu_projeto.fct_resumo:
/* {"app": "dbt", "dbt_version": "2.0.0", "node_id": "model.meu_projeto.fct_resumo", "profile_name": "meu_projeto", "target_name": "dev"} */

  
  create view "meu_banco"."main"."fct_resumo__dbt_tmp" as (
    select
    day,
    sex,
    sum(valor_total) as total_vendas,
    avg(valor_total) as media_vendas,
    count(*) as quantidade
from "meu_banco"."main"."stg_tips"
group by 1,2
  );

17:43:29.731459 [debug]: Query executed on node model.meu_projeto.fct_resumo:
/* {"app": "dbt", "dbt_version": "2.0.0", "node_id": "model.meu_projeto.fct_resumo", "profile_name": "meu_projeto", "target_name": "dev"} */
alter view "meu_banco"."main"."fct_resumo__dbt_tmp" rename to "fct_resumo"
17:43:29.738802 [debug]: Query executed on node model.meu_projeto.fct_resumo:
/* {"app": "dbt", "dbt_version": "2.0.0", "node_id": "model.meu_projeto.fct_resumo", "profile_name": "meu_projeto", "target_name": "dev"} */

      drop view if exists "meu_banco"."main"."fct_resumo__dbt_backup" cascade
    
17:43:29.739846 [info ]: Finished running [  0.06s] model main.fct_resumo [success]
17:43:29.740239 [info ]: Finished running [  0.19s] (2 nodes, 0 skipped, 0 errors)
17:43:29.740822 [info ]:  Succeeded [  0.07s] model main.fct_resumo (view)
17:43:30.008147 [info ]: 
==================== Execution Summary =====================
Finished 'run' successfully for target 'dev' [994ms]
Processed: 2 models
Summary: 2 total | 2 success
==================== 2026-08-13T17:46:59.139683Z | 019ffc3c-02bf-7a63-afc7-1d2336b69116 ====================
17:46:59.140005 [info ]: dbt-fusion 2.0.0-preview.205
17:46:59.140669 [info ]: Started loading project
17:46:59.145869 [info ]: Loading ~/.dbt/profiles.yml
17:46:59.162865 [debug]:    Started loading packages
17:46:59.168855 [debug]:     Loaded [  0.01s] packages
17:46:59.171204 [info ]: Finished loading project [  0.03s]
17:46:59.172375 [info ]: Started parsing
17:46:59.244163 [debug]: Finished parsing models/marts/fct_resumo.sql [  0.00s]
17:46:59.244949 [debug]: Finished parsing models/staging/stg_tips.sql [  0.00s]
17:46:59.585546 [info ]: Finished parsing [  0.41s]
17:46:59.586760 [info ]: Started scheduling
17:46:59.587104 [info ]: Finished scheduling [  0.00s]
17:46:59.607548 [debug]: No platform credentials found, skipping remote license
17:46:59.607922 [debug]: License check failed: Feature not licensed: 'lineage'
17:46:59.608471 [info ]: Started building task graph
17:46:59.608763 [info ]: Finished building task graph [  0.00s]
17:46:59.670470 [debug]: Query executed on node unknown:
/* {"app": "dbt", "connection_name": "", "dbt_version": "2.0.0", "profile_name": "meu_projeto", "target_name": "dev"} */

    
    select schema_name
    from system.information_schema.schemata
    
    where lower(catalog_name) = '"meu_banco"'
    
  
  
17:46:59.672721 [debug]: Query executed on node unknown:
/* {"app": "dbt", "connection_name": "", "dbt_version": "2.0.0", "profile_name": "meu_projeto", "target_name": "dev"} */

    
        select type from duckdb_databases()
        where lower(database_name)='meu_banco'
        and type='sqlite'
    
  
17:46:59.673616 [debug]: Query executed on node unknown:
/* {"app": "dbt", "connection_name": "", "dbt_version": "2.0.0", "profile_name": "meu_projeto", "target_name": "dev"} */

    
    
        create schema if not exists "meu_banco"."main"
    
17:46:59.673844 [info ]: Started rendering (2 nodes)
17:46:59.674072 [info ]: Started model main.stg_tips
17:46:59.674100 [debug]: Started rendering model main.stg_tips
17:46:59.676419 [debug]: Compiled SQL for node model.meu_projeto.stg_tips at target\compiled\meu_projeto\models\staging\stg_tips.sql
17:46:59.676709 [debug]: Finished rendering [  0.00s] model main.stg_tips [success]
17:46:59.677470 [info ]: Started analyzing (2 nodes)
17:46:59.677660 [debug]: Started analyzing model main.stg_tips
17:46:59.689826 [debug]: Finished analyzing [  0.01s] model main.stg_tips [success]
17:46:59.690222 [info ]: Started running (2 nodes)
17:46:59.690385 [info ]: Started running model main.stg_tips
17:46:59.712224 [debug]: Query executed on node model.meu_projeto.stg_tips:
SELECT table_catalog, table_schema, table_name, table_type FROM information_schema.tables WHERE table_schema = 'main' AND lower(table_catalog) = lower('meu_banco')
17:46:59.718636 [debug]: Writing runtime sql for node "model.meu_projeto.stg_tips"
17:46:59.739610 [debug]: Query executed on node model.meu_projeto.stg_tips:
/* {"app": "dbt", "dbt_version": "2.0.0", "node_id": "model.meu_projeto.stg_tips", "profile_name": "meu_projeto", "target_name": "dev"} */

  
  create view "meu_banco"."main"."stg_tips__dbt_tmp" as (
    select
    total_bill,
    tip,
    sex,
    day,
    total_bill + tip as valor_total
from read_csv_auto('C:/Users/tl100/OneDrive/Documents/Carreira dados/teste-volta/pandas/tips.csv')
  );

17:46:59.745940 [debug]: Query executed on node model.meu_projeto.stg_tips:
/* {"app": "dbt", "dbt_version": "2.0.0", "node_id": "model.meu_projeto.stg_tips", "profile_name": "meu_projeto", "target_name": "dev"} */
alter view "meu_banco"."main"."stg_tips" rename to "stg_tips__dbt_backup"
17:46:59.751812 [debug]: Query executed on node model.meu_projeto.stg_tips:
/* {"app": "dbt", "dbt_version": "2.0.0", "node_id": "model.meu_projeto.stg_tips", "profile_name": "meu_projeto", "target_name": "dev"} */
alter view "meu_banco"."main"."stg_tips__dbt_tmp" rename to "stg_tips"
17:46:59.757586 [debug]: Query executed on node model.meu_projeto.stg_tips:
/* {"app": "dbt", "dbt_version": "2.0.0", "node_id": "model.meu_projeto.stg_tips", "profile_name": "meu_projeto", "target_name": "dev"} */

      drop view if exists "meu_banco"."main"."stg_tips__dbt_backup" cascade
    
17:46:59.758666 [info ]: Finished running [  0.07s] model main.stg_tips [success]
17:46:59.759150 [info ]:  Succeeded [  0.08s] model main.stg_tips (view)
17:46:59.760207 [info ]: Started model main.fct_resumo
17:46:59.760241 [debug]: Started rendering model main.fct_resumo
17:46:59.763038 [debug]: Compiled SQL for node model.meu_projeto.fct_resumo at target\compiled\meu_projeto\models\marts\fct_resumo.sql
17:46:59.763349 [debug]: Finished rendering [  0.00s] model main.fct_resumo [success]
17:46:59.765163 [info ]: Finished rendering [  0.09s] (2 nodes, 0 skipped, 0 errors)
17:46:59.766744 [debug]: Started analyzing model main.fct_resumo
17:46:59.779844 [debug]: Finished analyzing [  0.01s] model main.fct_resumo [success]
17:46:59.780214 [info ]: Finished analyzing [  0.10s] (2 nodes, 0 skipped, 0 errors)
17:46:59.780890 [info ]: Started running model main.fct_resumo
17:46:59.786169 [debug]: Writing runtime sql for node "model.meu_projeto.fct_resumo"
17:46:59.805750 [debug]: Query executed on node model.meu_projeto.fct_resumo:
/* {"app": "dbt", "dbt_version": "2.0.0", "node_id": "model.meu_projeto.fct_resumo", "profile_name": "meu_projeto", "target_name": "dev"} */

  
  create view "meu_banco"."main"."fct_resumo__dbt_tmp" as (
    select
    day,
    sex,
    sum(valor_total) as total_vendas,
    avg(valor_total) as media_vendas,
    count(*) as quantidade
from "meu_banco"."main"."stg_tips"
group by 1,2
  );

17:46:59.813516 [debug]: Query executed on node model.meu_projeto.fct_resumo:
/* {"app": "dbt", "dbt_version": "2.0.0", "node_id": "model.meu_projeto.fct_resumo", "profile_name": "meu_projeto", "target_name": "dev"} */
alter view "meu_banco"."main"."fct_resumo" rename to "fct_resumo__dbt_backup"
17:46:59.820164 [debug]: Query executed on node model.meu_projeto.fct_resumo:
/* {"app": "dbt", "dbt_version": "2.0.0", "node_id": "model.meu_projeto.fct_resumo", "profile_name": "meu_projeto", "target_name": "dev"} */
alter view "meu_banco"."main"."fct_resumo__dbt_tmp" rename to "fct_resumo"
17:46:59.826280 [debug]: Query executed on node model.meu_projeto.fct_resumo:
/* {"app": "dbt", "dbt_version": "2.0.0", "node_id": "model.meu_projeto.fct_resumo", "profile_name": "meu_projeto", "target_name": "dev"} */

      drop view if exists "meu_banco"."main"."fct_resumo__dbt_backup" cascade
    
17:46:59.827666 [info ]: Finished running [  0.05s] model main.fct_resumo [success]
17:46:59.828212 [info ]: Finished running [  0.14s] (2 nodes, 0 skipped, 0 errors)
17:46:59.828807 [info ]:  Succeeded [  0.06s] model main.fct_resumo (view)
17:47:00.273725 [info ]: 
==================== Execution Summary =====================
Finished 'run' successfully for target 'dev' [1.1s]
Processed: 2 models
Summary: 2 total | 2 success
==================== 2026-08-13T17:48:31.362161Z | 019ffc3d-6afe-72e1-8d90-95ed4300395d ====================
17:48:31.362363 [warn ]: [DocsGenerateWarning (dbt1705)]: `dbt docs generate` is not supported. Use `dbt compile --write-catalog` to write catalog.json. To host docs locally, use the dbt Core index.html with catalog.json and manifest.json in the same directory: https://github.com/dbt-labs/dbt-core/blob/main/core/dbt/task/docs/index.html
17:48:32.282463 [info ]: 
==================== Execution Summary =====================
Finished 'docs' with 1 warning [920ms]
==================== 2026-08-13T17:48:55.473555Z | 019ffc3d-c92d-70f2-bf52-fdf8ee05af46 ====================
17:48:55.473795 [info ]: dbt-fusion 2.0.0-preview.205
17:48:55.474430 [info ]: Started loading project
17:48:55.478981 [info ]: Loading ~/.dbt/profiles.yml
17:48:55.493633 [debug]:    Started loading packages
17:48:55.499442 [debug]:     Loaded [  0.01s] packages
17:48:55.500714 [info ]: Finished loading project [  0.03s]
17:48:55.501698 [info ]: Started parsing
17:48:55.565660 [debug]: Finished parsing models/marts/fct_resumo.sql [  0.00s]
17:48:55.566632 [debug]: Finished parsing models/staging/stg_tips.sql [  0.00s]
17:48:55.917225 [info ]: Finished parsing [  0.42s]
17:48:55.918446 [info ]: Started scheduling
17:48:55.918788 [info ]: Finished scheduling [  0.00s]
17:48:55.923922 [debug]: Initializing schema store with entry: Frontier(CanonicalFqn { catalog: "meu_banco", schema: "main", table: "stg_tips" }) and interval: None
17:48:55.931661 [debug]: No platform credentials found, skipping remote license
17:48:55.932059 [debug]: License check failed: Feature not licensed: 'lineage'
17:48:55.932464 [info ]: Started building task graph
17:48:55.932658 [info ]: Finished building task graph [  0.00s]
17:48:55.937279 [info ]: Started rendering (1 nodes)
17:48:55.937476 [info ]: Started model main.fct_resumo
17:48:55.937507 [debug]: Started rendering model main.fct_resumo
17:48:55.940052 [debug]: Compiled SQL for node model.meu_projeto.fct_resumo at target\compiled\meu_projeto\models\marts\fct_resumo.sql
17:48:55.940260 [debug]: Finished rendering [  0.00s] model main.fct_resumo [success]
17:48:55.943850 [info ]: Finished rendering [  0.01s] (1 nodes, 0 skipped, 0 errors)
17:48:55.944234 [info ]: Started analyzing (1 nodes)
17:48:55.944608 [debug]: Started analyzing model main.fct_resumo
17:48:55.959691 [debug]: Finished analyzing [  0.02s] model main.fct_resumo [success]
17:48:55.959973 [info ]: Finished analyzing [  0.02s] (1 nodes, 0 skipped, 0 errors)
17:48:55.960330 [info ]: Started running (1 nodes)
17:48:55.960467 [info ]: Started running model main.fct_resumo
17:48:56.147982 [debug]: Query executed on node unknown:

  
  select
    day,
    sex,
    sum(valor_total) as total_vendas,
    avg(valor_total) as media_vendas,
    count(*) as quantidade
from "meu_banco"."main"."stg_tips"
group by 1,2
  
  limit 10

17:48:56.149151 [info ]: [34m[1mQuery[0m [1mshow_model_meu_projeto_fct_resumo[0m
┌──────┬────────┬────────────────────┬────────────────────┬────────────┐
│[1m day  [0m┆[1m sex    [0m┆[1m total_vendas       [0m┆[1m media_vendas       [0m┆[1m quantidade [0m│
╞══════╪════════╪════════════════════╪════════════════════╪════════════╡
│ Thur ┆ Male   ┆ 650.85             ┆ 21.695             ┆ 30         │
│ Thur ┆ Female ┆ 617.31             ┆ 19.2909375         ┆ 32         │
│ Sun  ┆ Female ┆ 418.30999999999995 ┆ 23.23944444444444  ┆ 18         │
│ Sun  ┆ Male   ┆ 1456.24            ┆ 25.107586206896553 ┆ 58         │
│ Sat  ┆ Male   ┆ 1409.2999999999997 ┆ 23.886440677966096 ┆ 59         │
│ Sat  ┆ Female ┆ 629.4999999999999  ┆ 22.482142857142854 ┆ 28         │
│ Fri  ┆ Male   ┆ 225.5              ┆ 22.55              ┆ 10         │
│ Fri  ┆ Female ┆ 152.34             ┆ 16.926666666666666 ┆ 9          │
└──────┴────────┴────────────────────┴────────────────────┴────────────┘
8 rows.
17:48:56.152910 [info ]: Finished running [  0.19s] model main.fct_resumo [success]
17:48:56.153245 [info ]: Finished running [  0.19s] (1 nodes, 0 skipped, 0 errors)
17:48:56.153851 [info ]:  Succeeded [  0.21s] model main.fct_resumo (view)
17:48:56.486405 [info ]: 
==================== Execution Summary =====================
Finished 'show' successfully for target 'dev' [1.0s]
==================== 2026-08-13T17:49:28.825254Z | 019ffc3e-4b75-7481-b2ce-9c7021c002bb ====================
17:49:28.825457 [info ]: dbt-fusion 2.0.0-preview.205
17:49:28.826121 [info ]: Started loading project
17:49:28.830337 [info ]: Loading ~/.dbt/profiles.yml
17:49:28.847038 [debug]:    Started loading packages
17:49:28.852189 [debug]:     Loaded [  0.01s] packages
17:49:28.853484 [info ]: Finished loading project [  0.03s]
17:49:28.854537 [info ]: Started parsing
17:49:28.916668 [debug]: Finished parsing models/marts/fct_resumo.sql [  0.00s]
17:49:28.917711 [debug]: Finished parsing models/staging/stg_tips.sql [  0.00s]
17:49:29.269573 [info ]: Finished parsing [  0.42s]
17:49:29.270996 [info ]: Started scheduling
17:49:29.271353 [info ]: Finished scheduling [  0.00s]
17:49:29.277500 [debug]: Initializing schema store with entry: Frontier(CanonicalFqn { catalog: "meu_banco", schema: "main", table: "stg_tips" }) and interval: None
17:49:29.286705 [debug]: No platform credentials found, skipping remote license
17:49:29.287050 [debug]: License check failed: Feature not licensed: 'lineage'
17:49:29.287426 [info ]: Started building task graph
17:49:29.287628 [info ]: Finished building task graph [  0.00s]
17:49:29.291898 [info ]: Started rendering (1 nodes)
17:49:29.292145 [info ]: Started model main.fct_resumo
17:49:29.292189 [debug]: Started rendering model main.fct_resumo
17:49:29.295076 [debug]: Compiled SQL for node model.meu_projeto.fct_resumo at target\compiled\meu_projeto\models\marts\fct_resumo.sql
17:49:29.295423 [debug]: Finished rendering [  0.00s] model main.fct_resumo [success]
17:49:29.297601 [info ]: Finished rendering [  0.01s] (1 nodes, 0 skipped, 0 errors)
17:49:29.298278 [info ]: Started analyzing (1 nodes)
17:49:29.301163 [debug]: Started analyzing model main.fct_resumo
17:49:29.316176 [debug]: Finished analyzing [  0.02s] model main.fct_resumo [success]
17:49:29.316519 [info ]: Finished analyzing [  0.02s] (1 nodes, 0 skipped, 0 errors)
17:49:29.316861 [info ]: Started running (1 nodes)
17:49:29.317116 [info ]: Started running model main.fct_resumo
17:49:29.403757 [debug]: Query executed on node unknown:

  
  select
    day,
    sex,
    sum(valor_total) as total_vendas,
    avg(valor_total) as media_vendas,
    count(*) as quantidade
from "meu_banco"."main"."stg_tips"
group by 1,2
  
  limit 10

17:49:29.404670 [info ]: [34m[1mQuery[0m [1mshow_model_meu_projeto_fct_resumo[0m
┌──────┬────────┬────────────────────┬────────────────────┬────────────┐
│[1m day  [0m┆[1m sex    [0m┆[1m total_vendas       [0m┆[1m media_vendas       [0m┆[1m quantidade [0m│
╞══════╪════════╪════════════════════╪════════════════════╪════════════╡
│ Sat  ┆ Male   ┆ 1409.2999999999997 ┆ 23.886440677966096 ┆ 59         │
│ Sat  ┆ Female ┆ 629.4999999999999  ┆ 22.482142857142854 ┆ 28         │
│ Fri  ┆ Male   ┆ 225.5              ┆ 22.55              ┆ 10         │
│ Fri  ┆ Female ┆ 152.34             ┆ 16.926666666666666 ┆ 9          │
│ Sun  ┆ Female ┆ 418.30999999999995 ┆ 23.23944444444444  ┆ 18         │
│ Sun  ┆ Male   ┆ 1456.24            ┆ 25.107586206896553 ┆ 58         │
│ Thur ┆ Male   ┆ 650.85             ┆ 21.695             ┆ 30         │
│ Thur ┆ Female ┆ 617.31             ┆ 19.2909375         ┆ 32         │
└──────┴────────┴────────────────────┴────────────────────┴────────────┘
8 rows.
17:49:29.405358 [info ]: Finished running [  0.09s] model main.fct_resumo [success]
17:49:29.405833 [info ]: Finished running [  0.09s] (1 nodes, 0 skipped, 0 errors)
17:49:29.407139 [info ]:  Succeeded [  0.11s] model main.fct_resumo (view)
17:49:29.706282 [info ]: 
==================== Execution Summary =====================
Finished 'show' successfully for target 'dev' [881ms]
==================== 2026-08-13T17:50:51.565073Z | 019ffc3f-8ea9-7492-a46d-ad513f49db1c ====================
17:50:51.565339 [info ]: dbt-fusion 2.0.0-preview.205
17:50:51.565969 [info ]: Started loading project
17:50:51.570969 [info ]: Loading ~/.dbt/profiles.yml
17:50:51.584591 [debug]:    Started loading packages
17:50:51.591252 [debug]:     Loaded [  0.01s] packages
17:50:51.593091 [info ]: Finished loading project [  0.03s]
17:50:51.594205 [info ]: Started parsing
17:50:51.657559 [debug]: Finished parsing models/marts/fct_resumo.sql [  0.00s]
17:50:51.658665 [debug]: Finished parsing models/staging/stg_tips.sql [  0.00s]
17:50:51.980352 [info ]: Finished parsing [  0.39s]
17:50:51.981600 [info ]: Started scheduling
17:50:51.981827 [info ]: Finished scheduling [  0.00s]
17:50:51.981951 [warn ]: [NoNodesSelected (dbt1601)]: Nothing to do. Try checking your model configs and model specification args
17:50:51.989997 [debug]: No platform credentials found, skipping remote license
17:50:51.990371 [debug]: License check failed: Feature not licensed: 'lineage'
17:50:52.451749 [info ]: 
==================== Execution Summary =====================
Finished 'test' with 1 warning for target 'dev' [886ms]
==================== 2026-08-13T17:56:36.706264Z | 019ffc44-d2de-76a2-bda3-c3d6ea49b9bb ====================
17:56:36.706513 [info ]: dbt-fusion 2.0.0-preview.205
17:56:36.707342 [info ]: Started loading project
17:56:36.711885 [info ]: Loading ~/.dbt/profiles.yml
17:56:36.727916 [debug]:    Started loading packages
17:56:36.733079 [debug]:     Loaded [  0.01s] packages
17:56:36.734800 [info ]: Finished loading project [  0.03s]
17:56:36.735668 [info ]: Started parsing
17:56:36.797424 [debug]: Finished parsing models/staging/stg_tips.yml [  0.00s]
17:56:36.800239 [debug]: Finished parsing models/marts/fct_resumo.sql [  0.00s]
17:56:36.800954 [debug]: Finished parsing models/staging/stg_tips.sql [  0.00s]
17:56:36.831619 [debug]: Finished parsing target\generic_tests\not_null_stg_tips_day.sql [  0.02s]
17:56:36.832639 [debug]: Finished parsing target\generic_tests\not_null_stg_tips_sex.sql [  0.00s]
17:56:36.833860 [debug]: Finished parsing target\generic_tests\not_null_stg_tips_tip.sql [  0.00s]
17:56:36.834944 [debug]: Finished parsing target\generic_tests\not_null_stg_tips_total_bill.sql [  0.00s]
17:56:37.318041 [info ]: Finished parsing [  0.58s]
17:56:37.319366 [info ]: Started scheduling
17:56:37.319648 [info ]: Finished scheduling [  0.00s]
17:56:37.324476 [debug]: Initializing schema store with entry: Frontier(CanonicalFqn { catalog: "meu_banco", schema: "main", table: "stg_tips" }) and interval: None
17:56:37.332856 [debug]: No platform credentials found, skipping remote license
17:56:37.333383 [debug]: License check failed: Feature not licensed: 'lineage'
17:56:37.333922 [info ]: Started building task graph
17:56:37.334244 [info ]: Finished building task graph [  0.00s]
17:56:37.339798 [info ]: Started rendering (4 nodes)
17:56:37.340045 [info ]: Started test main_dbt_test__audit.not_null_stg_tips_total_bill
17:56:37.340065 [debug]: Started rendering test main_dbt_test__audit.not_null_stg_tips_total_bill
17:56:37.340120 [info ]: Started test main_dbt_test__audit.not_null_stg_tips_tip
17:56:37.340142 [debug]: Started rendering test main_dbt_test__audit.not_null_stg_tips_tip
17:56:37.340180 [info ]: Started test main_dbt_test__audit.not_null_stg_tips_sex
17:56:37.340199 [debug]: Started rendering test main_dbt_test__audit.not_null_stg_tips_sex
17:56:37.340231 [info ]: Started test main_dbt_test__audit.not_null_stg_tips_day
17:56:37.340273 [debug]: Started rendering test main_dbt_test__audit.not_null_stg_tips_day
17:56:37.350924 [debug]: Compiled SQL for node test.meu_projeto.not_null_stg_tips_tip.7e96fc4398 at target\compiled\meu_projeto\target\generic_tests\not_null_stg_tips_tip.sql
17:56:37.359168 [debug]: Compiled SQL for node test.meu_projeto.not_null_stg_tips_total_bill.b143e0cef2 at target\compiled\meu_projeto\target\generic_tests\not_null_stg_tips_total_bill.sql
17:56:37.359969 [debug]: Compiled SQL for node test.meu_projeto.not_null_stg_tips_sex.155f420c48 at target\compiled\meu_projeto\target\generic_tests\not_null_stg_tips_sex.sql
17:56:37.361938 [debug]: Compiled SQL for node test.meu_projeto.not_null_stg_tips_day.484c9f4d2b at target\compiled\meu_projeto\target\generic_tests\not_null_stg_tips_day.sql
17:56:37.351236 [debug]: Finished rendering [  0.01s] test main_dbt_test__audit.not_null_stg_tips_tip [success]
17:56:37.367815 [info ]: Started analyzing (4 nodes)
17:56:37.368085 [debug]: Started analyzing test main_dbt_test__audit.not_null_stg_tips_tip
17:56:37.368154 [debug]: Finished rendering [  0.03s] test main_dbt_test__audit.not_null_stg_tips_total_bill [success]
17:56:37.368925 [debug]: Started analyzing test main_dbt_test__audit.not_null_stg_tips_total_bill
17:56:37.368980 [debug]: Finished rendering [  0.03s] test main_dbt_test__audit.not_null_stg_tips_sex [success]
17:56:37.369595 [debug]: Started analyzing test main_dbt_test__audit.not_null_stg_tips_sex
17:56:37.369643 [debug]: Finished rendering [  0.03s] test main_dbt_test__audit.not_null_stg_tips_day [success]
17:56:37.372337 [info ]: Finished rendering [  0.03s] (4 nodes, 0 skipped, 0 errors)
17:56:37.372727 [debug]: Started analyzing test main_dbt_test__audit.not_null_stg_tips_day
17:56:37.381305 [debug]: Finished analyzing [  0.01s] test main_dbt_test__audit.not_null_stg_tips_tip [success]
17:56:37.387917 [info ]: Started running (4 nodes)
17:56:37.414434 [info ]: Started running test main_dbt_test__audit.not_null_stg_tips_tip
17:56:37.414504 [debug]: Finished analyzing [  0.04s] test main_dbt_test__audit.not_null_stg_tips_sex [success]
17:56:37.415349 [info ]: Started running test main_dbt_test__audit.not_null_stg_tips_sex
17:56:37.415419 [debug]: Finished analyzing [  0.05s] test main_dbt_test__audit.not_null_stg_tips_total_bill [success]
17:56:37.418956 [info ]: Started running test main_dbt_test__audit.not_null_stg_tips_total_bill
17:56:37.419050 [debug]: Writing runtime sql for node "test.meu_projeto.not_null_stg_tips_tip.7e96fc4398"
17:56:37.420773 [debug]: Writing runtime sql for node "test.meu_projeto.not_null_stg_tips_sex.155f420c48"
17:56:37.424725 [debug]: Writing runtime sql for node "test.meu_projeto.not_null_stg_tips_total_bill.b143e0cef2"
17:56:37.419015 [debug]: Finished analyzing [  0.05s] test main_dbt_test__audit.not_null_stg_tips_day [success]
17:56:37.426245 [info ]: Finished analyzing [  0.06s] (4 nodes, 0 skipped, 0 errors)
17:56:37.427273 [info ]: Started running test main_dbt_test__audit.not_null_stg_tips_day
17:56:37.434913 [debug]: Writing runtime sql for node "test.meu_projeto.not_null_stg_tips_day.484c9f4d2b"
17:56:37.592405 [debug]: Query executed on node test.meu_projeto.not_null_stg_tips_day.484c9f4d2b:
/* {"app": "dbt", "dbt_version": "2.0.0", "node_id": "test.meu_projeto.not_null_stg_tips_day.484c9f4d2b", "profile_name": "meu_projeto", "target_name": "dev"} */

    
    select
      count(*) as failures,
      count(*) != 0 as should_warn,
      count(*) != 0 as should_error
    from (
      
    
  
    
    



select day
from "meu_banco"."main"."stg_tips"
where day is null



  
  
      
    ) dbt_internal_test
17:56:37.593656 [info ]: Finished running [  0.17s] test main_dbt_test__audit.not_null_stg_tips_day [pass]
17:56:37.599466 [debug]: Query executed on node test.meu_projeto.not_null_stg_tips_total_bill.b143e0cef2:
/* {"app": "dbt", "dbt_version": "2.0.0", "node_id": "test.meu_projeto.not_null_stg_tips_total_bill.b143e0cef2", "profile_name": "meu_projeto", "target_name": "dev"} */

    
    select
      count(*) as failures,
      count(*) != 0 as should_warn,
      count(*) != 0 as should_error
    from (
      
    
  
    
    



select total_bill
from "meu_banco"."main"."stg_tips"
where total_bill is null



  
  
      
    ) dbt_internal_test
17:56:37.598969 [info ]:     Passed [  0.24s] test  not_null_stg_tips_day
17:56:37.601644 [debug]: Query executed on node test.meu_projeto.not_null_stg_tips_sex.155f420c48:
/* {"app": "dbt", "dbt_version": "2.0.0", "node_id": "test.meu_projeto.not_null_stg_tips_sex.155f420c48", "profile_name": "meu_projeto", "target_name": "dev"} */

    
    select
      count(*) as failures,
      count(*) != 0 as should_warn,
      count(*) != 0 as should_error
    from (
      
    
  
    
    



select sex
from "meu_banco"."main"."stg_tips"
where sex is null



  
  
      
    ) dbt_internal_test
17:56:37.601461 [info ]: Finished running [  0.18s] test main_dbt_test__audit.not_null_stg_tips_total_bill [pass]
17:56:37.603831 [debug]: Query executed on node test.meu_projeto.not_null_stg_tips_tip.7e96fc4398:
/* {"app": "dbt", "dbt_version": "2.0.0", "node_id": "test.meu_projeto.not_null_stg_tips_tip.7e96fc4398", "profile_name": "meu_projeto", "target_name": "dev"} */

    
    select
      count(*) as failures,
      count(*) != 0 as should_warn,
      count(*) != 0 as should_error
    from (
      
    
  
    
    



select tip
from "meu_banco"."main"."stg_tips"
where tip is null



  
  
      
    ) dbt_internal_test
17:56:37.602139 [info ]:     Passed [  0.26s] test  not_null_stg_tips_total_bill
17:56:37.604239 [info ]: Finished running [  0.19s] test main_dbt_test__audit.not_null_stg_tips_sex [pass]
17:56:37.604589 [info ]:     Passed [  0.26s] test  not_null_stg_tips_sex
17:56:37.606021 [info ]: Finished running [  0.19s] test main_dbt_test__audit.not_null_stg_tips_tip [pass]
17:56:37.606380 [info ]: Finished running [  0.22s] (4 nodes, 0 skipped, 0 errors)
17:56:37.606804 [info ]:     Passed [  0.21s] test  not_null_stg_tips_tip
17:56:37.893687 [info ]: 
==================== Execution Summary =====================
Finished 'test' successfully for target 'dev' [1.2s]
Processed: 4 tests
Summary: 4 total | 4 success
==================== 2026-08-19T15:20:12.864304Z | 01a01a9b-cb3a-7782-879a-0cfa0c186957 ====================
15:20:12.866625 [info ]: dbt-fusion 2.0.0-preview.205
15:20:12.870695 [info ]: Started loading project
15:20:12.883852 [info ]: Loading ~/.dbt/profiles.yml
15:20:12.908746 [debug]:    Started loading packages
15:20:12.916993 [debug]:     Loaded [  0.01s] packages
15:20:12.919331 [info ]: Finished loading project [  0.05s]
15:20:12.922025 [info ]: Started parsing
15:20:13.008640 [error]: [UnusedConfigKey (dbt1060)]: Ignored unexpected key `"columns"`. YAML path: `columns`.
  --> models\staging\schema.yml:1:1
15:20:13.009611 [debug]: Finished parsing models/staging/schema.yml [  0.00s]
15:20:13.010164 [debug]: Finished parsing models/staging/stg_tips.yml [  0.00s]
15:20:13.010818 [error]: [UnusedConfigKey (dbt1060)]: Ignored unexpected key `"columns"`. YAML path: `columns`.
  --> tests\test.yaml:1:1
15:20:13.010874 [debug]: Finished parsing tests/test.yaml [  0.00s]
15:20:13.014903 [debug]: Finished parsing models/marts/fct_resumo.sql [  0.00s]
15:20:13.016417 [debug]: Finished parsing models/marts/fct_vendas.sql [  0.00s]
15:20:13.018287 [debug]: Finished parsing models/staging/raw_vendas.sql [  0.00s]
15:20:13.020254 [debug]: Finished parsing models/staging/stg_tips.sql [  0.00s]
15:20:13.057274 [debug]: Finished parsing target\generic_tests\not_null_stg_tips_day.sql [  0.02s]
15:20:13.058714 [debug]: Finished parsing target\generic_tests\not_null_stg_tips_sex.sql [  0.00s]
15:20:13.060187 [debug]: Finished parsing target\generic_tests\not_null_stg_tips_tip.sql [  0.00s]
15:20:13.068227 [debug]: Finished parsing target\generic_tests\not_null_stg_tips_total_bill.sql [  0.01s]
15:20:13.523125 [error]: [DependencyNotFound (dbt1048)]: Ref 'stg_vendas' not found in project. Searched for 'meu_projeto.stg_vendas, stg_vendas'
  --> models/marts/fct_vendas.sql:7:6
15:20:13.524833 [info ]: Finished parsing [  0.60s]
15:20:14.282172 [info ]: New version available 2.0.0-preview.210 (run `dbt system update`)
15:20:14.515821 [info ]: suggestion: Run 'dbt deps' to see the latest fusion compatible packages. For compatibility errors, try the autofix script: https://github.com/dbt-labs/dbt-autofix
15:20:14.515821 [info ]: 
==================== Execution Summary =====================
Finished 'run' with 3 errors for target 'dev' [1.7s]
==================== 2026-08-19T15:21:35.229949Z | 01a01a9d-0ca2-7850-8604-ebd7daf0c2c9 ====================
15:21:35.230282 [info ]: dbt-fusion 2.0.0-preview.205
15:21:35.231577 [info ]: Started loading project
15:21:35.236520 [info ]: Loading ~/.dbt/profiles.yml
15:21:35.254963 [debug]:    Started loading packages
15:21:35.261541 [debug]:     Loaded [  0.01s] packages
15:21:35.263828 [info ]: Finished loading project [  0.03s]
15:21:35.265920 [info ]: Started parsing
15:21:35.343324 [error]: [UnusedConfigKey (dbt1060)]: Ignored unexpected key `"columns"`. YAML path: `columns`.
  --> models\staging\schema.yml:1:1
15:21:35.343479 [debug]: Finished parsing models/staging/schema.yml [  0.00s]
15:21:35.344030 [debug]: Finished parsing models/staging/stg_tips.yml [  0.00s]
15:21:35.346638 [debug]: Finished parsing models/marts/fct_resumo.sql [  0.00s]
15:21:35.347507 [debug]: Finished parsing models/marts/fct_vendas.sql [  0.00s]
15:21:35.348281 [debug]: Finished parsing models/staging/raw_vendas.sql [  0.00s]
15:21:35.349123 [debug]: Finished parsing models/staging/stg_tips.sql [  0.00s]
15:21:35.363443 [debug]: Finished parsing target\generic_tests\not_null_stg_tips_day.sql [  0.00s]
15:21:35.364434 [debug]: Finished parsing target\generic_tests\not_null_stg_tips_sex.sql [  0.00s]
15:21:35.365302 [debug]: Finished parsing target\generic_tests\not_null_stg_tips_tip.sql [  0.00s]
15:21:35.366145 [debug]: Finished parsing target\generic_tests\not_null_stg_tips_total_bill.sql [  0.00s]
15:21:35.727059 [error]: [DependencyNotFound (dbt1048)]: Ref 'stg_vendas' not found in project. Searched for 'meu_projeto.stg_vendas, stg_vendas'
  --> models/marts/fct_vendas.sql:7:6
15:21:35.728971 [info ]: Finished parsing [  0.46s]
15:21:36.013764 [info ]: New version available 2.0.0-preview.210 (run `dbt system update`)
15:21:36.125355 [info ]: suggestion: Run 'dbt deps' to see the latest fusion compatible packages. For compatibility errors, try the autofix script: https://github.com/dbt-labs/dbt-autofix
15:21:36.125355 [info ]: 
==================== Execution Summary =====================
Finished 'run' with 2 errors for target 'dev' [895ms]
==================== 2026-08-19T15:29:26.807248Z | 01a01aa4-3f12-7ed2-8e59-4060fa799e59 ====================
15:29:26.807517 [info ]: dbt-fusion 2.0.0-preview.205
15:29:26.808464 [info ]: Started loading project
15:29:26.812714 [info ]: Loading ~/.dbt/profiles.yml
15:29:26.828918 [debug]:    Started loading packages
15:29:26.834244 [debug]:     Loaded [  0.01s] packages
15:29:26.835578 [info ]: Finished loading project [  0.03s]
15:29:26.836693 [info ]: Started parsing
15:29:26.899408 [debug]: Finished parsing models/staging/stg_tips.yml [  0.00s]
15:29:26.900063 [error]: [SerializationError (dbt1013)]: YAML error: models: invalid type: map, expected a sequence
  --> models\staging\stg_vendas.yml:2:3
15:29:26.900152 [debug]: Finished parsing models/staging/stg_vendas.yml [  0.00s]
15:29:26.902535 [debug]: Finished parsing models/marts/fct_resumo.sql [  0.00s]
15:29:26.903654 [debug]: Finished parsing models/marts/fct_vendas.sql [  0.00s]
15:29:26.904644 [debug]: Finished parsing models/staging/stg_tips.sql [  0.00s]
15:29:26.905502 [debug]: Finished parsing models/staging/stg_vendas.sql [  0.00s]
15:29:26.920001 [debug]: Finished parsing target\generic_tests\not_null_stg_tips_day.sql [  0.00s]
15:29:26.921007 [debug]: Finished parsing target\generic_tests\not_null_stg_tips_sex.sql [  0.00s]
15:29:26.922141 [debug]: Finished parsing target\generic_tests\not_null_stg_tips_tip.sql [  0.00s]
15:29:26.923982 [debug]: Finished parsing target\generic_tests\not_null_stg_tips_total_bill.sql [  0.00s]
15:29:27.275853 [info ]: Finished parsing [  0.44s]
15:29:27.843706 [info ]: New version available 2.0.0-preview.210 (run `dbt system update`)
15:29:28.007857 [info ]: suggestion: Run 'dbt deps' to see the latest fusion compatible packages. For compatibility errors, try the autofix script: https://github.com/dbt-labs/dbt-autofix
15:29:28.007857 [info ]: 
==================== Execution Summary =====================
Finished 'run' with 1 error for target 'dev' [1.2s]
==================== 2026-08-19T15:32:09.574851Z | 01a01aa6-bae2-7223-ac32-5c1a93ce7e60 ====================
15:32:09.575109 [info ]: dbt-fusion 2.0.0-preview.205
15:32:09.576136 [info ]: Started loading project
15:32:09.580630 [info ]: Loading ~/.dbt/profiles.yml
15:32:09.594170 [debug]:    Started loading packages
15:32:09.600451 [debug]:     Loaded [  0.01s] packages
15:32:09.602401 [info ]: Finished loading project [  0.03s]
15:32:09.603243 [info ]: Started parsing
15:32:09.660875 [debug]: Finished parsing models/staging/stg_tips.yml [  0.00s]
15:32:09.661215 [debug]: Finished parsing models/staging/stg_vendas.yml [  0.00s]
15:32:09.663739 [debug]: Finished parsing models/marts/fct_resumo.sql [  0.00s]
15:32:09.664726 [debug]: Finished parsing models/marts/fct_vendas.sql [  0.00s]
15:32:09.665643 [debug]: Finished parsing models/staging/stg_tips.sql [  0.00s]
15:32:09.666455 [debug]: Finished parsing models/staging/stg_vendas.sql [  0.00s]
15:32:09.683156 [debug]: Finished parsing target\generic_tests\not_null_stg_tips_day.sql [  0.00s]
15:32:09.684622 [debug]: Finished parsing target\generic_tests\not_null_stg_tips_sex.sql [  0.00s]
15:32:09.686079 [debug]: Finished parsing target\generic_tests\not_null_stg_tips_tip.sql [  0.00s]
15:32:09.687438 [debug]: Finished parsing target\generic_tests\not_null_stg_tips_total_bill.sql [  0.00s]
15:32:09.698986 [debug]: Finished parsing target\generic_tests\unique_stg_vendas_id.sql [  0.01s]
15:32:09.699921 [debug]: Finished parsing target\generic_tests\not_null_stg_vendas_id.sql [  0.00s]
15:32:10.062740 [info ]: Finished parsing [  0.46s]
15:32:10.064838 [info ]: Started scheduling
15:32:10.067010 [info ]: Finished scheduling [  0.00s]
15:32:10.086995 [debug]: No platform credentials found, skipping remote license
15:32:10.090005 [debug]: License check failed: Feature not licensed: 'lineage'
15:32:10.092446 [info ]: Started building task graph
15:32:10.100532 [info ]: Finished building task graph [  0.01s]
15:32:10.883313 [debug]: Query executed on node unknown:
/* {"app": "dbt", "connection_name": "", "dbt_version": "2.0.0", "profile_name": "meu_projeto", "target_name": "dev"} */

    
    select schema_name
    from system.information_schema.schemata
    
    where lower(catalog_name) = '"meu_banco"'
    
  
  
15:32:10.905404 [debug]: Query executed on node unknown:
/* {"app": "dbt", "connection_name": "", "dbt_version": "2.0.0", "profile_name": "meu_projeto", "target_name": "dev"} */

    
        select type from duckdb_databases()
        where lower(database_name)='meu_banco'
        and type='sqlite'
    
  
15:32:10.910695 [debug]: Query executed on node unknown:
/* {"app": "dbt", "connection_name": "", "dbt_version": "2.0.0", "profile_name": "meu_projeto", "target_name": "dev"} */

    
    
        create schema if not exists "meu_banco"."main"
    
15:32:10.914135 [info ]: Started rendering (4 nodes)
15:32:10.914640 [info ]: Started model main.stg_vendas
15:32:10.914665 [debug]: Started rendering model main.stg_vendas
15:32:10.914729 [info ]: Started model main.stg_tips
15:32:10.914764 [debug]: Started rendering model main.stg_tips
15:32:10.918742 [debug]: Compiled SQL for node model.meu_projeto.stg_vendas at target\compiled\meu_projeto\models\staging\stg_vendas.sql
15:32:10.918915 [debug]: Compiled SQL for node model.meu_projeto.stg_tips at target\compiled\meu_projeto\models\staging\stg_tips.sql
15:32:10.919091 [debug]: Finished rendering [  0.00s] model main.stg_vendas [success]
15:32:10.920225 [info ]: Started analyzing (4 nodes)
15:32:10.920854 [debug]: Started analyzing model main.stg_vendas
15:32:10.920925 [debug]: Finished rendering [  0.01s] model main.stg_tips [success]
15:32:10.921354 [debug]: Started analyzing model main.stg_tips
15:32:10.934038 [debug]: Finished analyzing [  0.01s] model main.stg_vendas [success]
15:32:10.935056 [info ]: Started running (4 nodes)
15:32:10.935319 [info ]: Started running model main.stg_vendas
15:32:10.935378 [debug]: Finished analyzing [  0.01s] model main.stg_tips [success]
15:32:10.936901 [info ]: Started running model main.stg_tips
15:32:11.061844 [debug]: Query executed on node model.meu_projeto.stg_tips:
SELECT table_catalog, table_schema, table_name, table_type FROM information_schema.tables WHERE table_schema = 'main' AND lower(table_catalog) = lower('meu_banco')
15:32:11.061874 [debug]: Query executed on node model.meu_projeto.stg_vendas:
SELECT table_catalog, table_schema, table_name, table_type FROM information_schema.tables WHERE table_schema = 'main' AND lower(table_catalog) = lower('meu_banco')
15:32:11.085635 [debug]: Writing runtime sql for node "model.meu_projeto.stg_vendas"
15:32:11.085653 [debug]: Writing runtime sql for node "model.meu_projeto.stg_tips"
15:32:11.125899 [debug]: Query executed on node model.meu_projeto.stg_vendas:
/* {"app": "dbt", "dbt_version": "2.0.0", "node_id": "model.meu_projeto.stg_vendas", "profile_name": "meu_projeto", "target_name": "dev"} */

  
  create view "meu_banco"."main"."stg_vendas__dbt_tmp" as (
    SELECT
    id,
    cliente,
    categoria,
    valor,
    data_venda
FROM stg_vendas
  );

15:32:11.133003 [debug]: Query executed on node model.meu_projeto.stg_tips:
/* {"app": "dbt", "dbt_version": "2.0.0", "node_id": "model.meu_projeto.stg_tips", "profile_name": "meu_projeto", "target_name": "dev"} */

  
  create view "meu_banco"."main"."stg_tips__dbt_tmp" as (
    select
    total_bill,
    tip,
    sex,
    day,
    total_bill + tip as valor_total
from read_csv_auto('C:/Users/tl100/OneDrive/Documents/Carreira dados/teste-volta/pandas/tips.csv')
  );

15:32:11.144724 [debug]: Query executed on node model.meu_projeto.stg_tips:
/* {"app": "dbt", "dbt_version": "2.0.0", "node_id": "model.meu_projeto.stg_tips", "profile_name": "meu_projeto", "target_name": "dev"} */
alter view "meu_banco"."main"."stg_tips" rename to "stg_tips__dbt_backup"
15:32:11.150388 [debug]: Query executed on node model.meu_projeto.stg_tips:
/* {"app": "dbt", "dbt_version": "2.0.0", "node_id": "model.meu_projeto.stg_tips", "profile_name": "meu_projeto", "target_name": "dev"} */
alter view "meu_banco"."main"."stg_tips__dbt_tmp" rename to "stg_tips"
15:32:11.161093 [debug]: Query executed on node model.meu_projeto.stg_tips:
/* {"app": "dbt", "dbt_version": "2.0.0", "node_id": "model.meu_projeto.stg_tips", "profile_name": "meu_projeto", "target_name": "dev"} */

      drop view if exists "meu_banco"."main"."stg_tips__dbt_backup" cascade
    
15:32:11.172481 [info ]: Finished running [  0.24s] model main.stg_tips [success]
15:32:11.174314 [info ]:  Succeeded [  0.26s] model main.stg_tips (view)
15:32:11.175639 [info ]: Started model main.fct_resumo
15:32:11.175680 [debug]: Started rendering model main.fct_resumo
15:32:11.178107 [debug]: Compiled SQL for node model.meu_projeto.fct_resumo at target\compiled\meu_projeto\models\marts\fct_resumo.sql
15:32:11.178306 [debug]: Finished rendering [  0.00s] model main.fct_resumo [success]
15:32:11.179849 [debug]: Started analyzing model main.fct_resumo
15:32:11.187969 [debug]: Finished analyzing [  0.01s] model main.fct_resumo [success]
15:32:11.188801 [info ]: Started running model main.fct_resumo
15:32:11.195600 [debug]: Writing runtime sql for node "model.meu_projeto.fct_resumo"
15:32:11.218386 [debug]: Query executed on node model.meu_projeto.fct_resumo:
/* {"app": "dbt", "dbt_version": "2.0.0", "node_id": "model.meu_projeto.fct_resumo", "profile_name": "meu_projeto", "target_name": "dev"} */

  
  create view "meu_banco"."main"."fct_resumo__dbt_tmp" as (
    select
    day,
    sex,
    sum(valor_total) as total_vendas,
    avg(valor_total) as media_vendas,
    count(*) as quantidade
from "meu_banco"."main"."stg_tips"
group by 1,2
  );

15:32:11.224006 [debug]: Query executed on node model.meu_projeto.fct_resumo:
/* {"app": "dbt", "dbt_version": "2.0.0", "node_id": "model.meu_projeto.fct_resumo", "profile_name": "meu_projeto", "target_name": "dev"} */
alter view "meu_banco"."main"."fct_resumo" rename to "fct_resumo__dbt_backup"
15:32:11.228688 [debug]: Query executed on node model.meu_projeto.fct_resumo:
/* {"app": "dbt", "dbt_version": "2.0.0", "node_id": "model.meu_projeto.fct_resumo", "profile_name": "meu_projeto", "target_name": "dev"} */
alter view "meu_banco"."main"."fct_resumo__dbt_tmp" rename to "fct_resumo"
15:32:11.237272 [debug]: Query executed on node model.meu_projeto.fct_resumo:
/* {"app": "dbt", "dbt_version": "2.0.0", "node_id": "model.meu_projeto.fct_resumo", "profile_name": "meu_projeto", "target_name": "dev"} */

      drop view if exists "meu_banco"."main"."fct_resumo__dbt_backup" cascade
    
15:32:11.238277 [info ]: Finished running [  0.05s] model main.fct_resumo [success]
15:32:11.238444 [info ]:  Succeeded [  0.06s] model main.fct_resumo (view)
15:32:12.136008 [error]: [DbDriverFailed (dbt1308)]: Database Error in model stg_vendas (target\run\meu_projeto\models\staging\stg_vendas.sql)
  Catalog Error: Table with name stg_vendas does not exist!
  Did you mean "stg_tips"?
  
  LINE 11: FROM stg_vendas
                ^
  (in run\meu_projeto\models/staging\stg_vendas.sql)
15:32:12.136173 [info ]: Finished running [  1.20s] model main.stg_vendas [error]
15:32:12.136769 [info ]:     Failed [  1.22s] model main.stg_vendas (view)
15:32:12.140113 [info ]: Started model main.fct_vendas
15:32:12.140146 [debug]: Started rendering model main.fct_vendas
15:32:12.140190 [debug]: Finished rendering [  0.00s] model main.fct_vendas [skipped]
15:32:12.140967 [info ]: Finished rendering [  1.23s] (4 nodes, 1 skipped, 0 errors)
15:32:12.142539 [debug]: Started analyzing model main.fct_vendas
15:32:12.142593 [debug]: Finished analyzing [  0.00s] model main.fct_vendas [skipped]
15:32:12.142705 [info ]: Finished analyzing [  1.22s] (4 nodes, 1 skipped, 0 errors)
15:32:12.143767 [info ]: Started running model main.fct_vendas
15:32:12.143827 [info ]: Finished running [  0.00s] model main.fct_vendas [skipped]
15:32:12.143936 [info ]: Finished running [  1.21s] (4 nodes, 1 skipped, 1 errors)
15:32:12.149877 [info ]:    Skipped [-------] model main.fct_vendas (view)
15:32:12.346296 [info ]: New version available 2.0.0-preview.210 (run `dbt system update`)
15:32:12.456638 [info ]: 
==================== Execution Summary =====================
Finished 'run' with 1 error for target 'dev' [2.9s]
Processed: 4 models
Summary: 4 total | 2 success | 1 error | 1 skipped
==================== 2026-08-19T15:38:51.995299Z | 01a01aac-ded7-7720-a367-f1333489996b ====================
15:38:51.995533 [info ]: dbt-fusion 2.0.0-preview.205
15:38:51.996468 [info ]: Started loading project
15:38:52.000927 [info ]: Loading ~/.dbt/profiles.yml
15:38:52.013666 [debug]:    Started loading packages
15:38:52.020958 [debug]:     Loaded [  0.01s] packages
15:38:52.022394 [info ]: Finished loading project [  0.03s]
15:38:52.023569 [info ]: Started parsing
15:38:52.088261 [debug]: Finished parsing models/staging/stg_tips.yml [  0.00s]
15:38:52.088619 [debug]: Finished parsing models/staging/stg_vendas.yml [  0.00s]
15:38:52.091923 [debug]: Finished parsing models/marts/fct_resumo.sql [  0.00s]
15:38:52.093842 [debug]: Finished parsing models/marts/fct_vendas.sql [  0.00s]
15:38:52.094698 [debug]: Finished parsing models/staging/stg_tips.sql [  0.00s]
15:38:52.095909 [debug]: Finished parsing models/staging/stg_vendas.sql [  0.00s]
15:38:52.110058 [debug]: Finished parsing target\generic_tests\not_null_stg_tips_day.sql [  0.00s]
15:38:52.115360 [debug]: Finished parsing target\generic_tests\not_null_stg_tips_sex.sql [  0.01s]
15:38:52.117862 [debug]: Finished parsing target\generic_tests\not_null_stg_tips_tip.sql [  0.00s]
15:38:52.119199 [debug]: Finished parsing target\generic_tests\not_null_stg_tips_total_bill.sql [  0.00s]
15:38:52.120417 [debug]: Finished parsing target\generic_tests\unique_stg_vendas_id.sql [  0.00s]
15:38:52.121654 [debug]: Finished parsing target\generic_tests\not_null_stg_vendas_id.sql [  0.00s]
15:38:52.522178 [info ]: Finished parsing [  0.50s]
15:38:52.523435 [info ]: Started scheduling
15:38:52.523712 [info ]: Finished scheduling [  0.00s]
15:38:52.537628 [debug]: No platform credentials found, skipping remote license
15:38:52.537900 [debug]: License check failed: Feature not licensed: 'lineage'
15:38:52.538322 [info ]: Started building task graph
15:38:52.538659 [info ]: Finished building task graph [  0.00s]
15:38:52.597421 [debug]: Query executed on node unknown:
/* {"app": "dbt", "connection_name": "", "dbt_version": "2.0.0", "profile_name": "meu_projeto", "target_name": "dev"} */

    
    select schema_name
    from system.information_schema.schemata
    
    where lower(catalog_name) = '"meu_banco"'
    
  
  
15:38:52.599830 [debug]: Query executed on node unknown:
/* {"app": "dbt", "connection_name": "", "dbt_version": "2.0.0", "profile_name": "meu_projeto", "target_name": "dev"} */

    
        select type from duckdb_databases()
        where lower(database_name)='meu_banco'
        and type='sqlite'
    
  
15:38:52.600942 [debug]: Query executed on node unknown:
/* {"app": "dbt", "connection_name": "", "dbt_version": "2.0.0", "profile_name": "meu_projeto", "target_name": "dev"} */

    
    
        create schema if not exists "meu_banco"."main"
    
15:38:52.601202 [info ]: Started rendering (4 nodes)
15:38:52.601433 [info ]: Started model main.stg_vendas
15:38:52.601459 [debug]: Started rendering model main.stg_vendas
15:38:52.601513 [info ]: Started model main.stg_tips
15:38:52.601547 [debug]: Started rendering model main.stg_tips
15:38:52.604312 [debug]: Compiled SQL for node model.meu_projeto.stg_vendas at target\compiled\meu_projeto\models\staging\stg_vendas.sql
15:38:52.604655 [debug]: Compiled SQL for node model.meu_projeto.stg_tips at target\compiled\meu_projeto\models\staging\stg_tips.sql
15:38:52.604600 [debug]: Finished rendering [  0.00s] model main.stg_vendas [success]
15:38:52.606547 [info ]: Started analyzing (4 nodes)
15:38:52.606886 [debug]: Started analyzing model main.stg_vendas
15:38:52.606946 [debug]: Finished rendering [  0.01s] model main.stg_tips [success]
15:38:52.609363 [debug]: Started analyzing model main.stg_tips
15:38:52.618063 [debug]: Finished analyzing [  0.01s] model main.stg_vendas [success]
15:38:52.618454 [info ]: Started running (4 nodes)
15:38:52.618675 [info ]: Started running model main.stg_vendas
15:38:52.618732 [debug]: Finished analyzing [  0.01s] model main.stg_tips [success]
15:38:52.619400 [info ]: Started running model main.stg_tips
15:38:52.632814 [debug]: Query executed on node model.meu_projeto.stg_vendas:
SELECT table_catalog, table_schema, table_name, table_type FROM information_schema.tables WHERE table_schema = 'main' AND lower(table_catalog) = lower('meu_banco')
15:38:52.636224 [debug]: Query executed on node model.meu_projeto.stg_tips:
SELECT table_catalog, table_schema, table_name, table_type FROM information_schema.tables WHERE table_schema = 'main' AND lower(table_catalog) = lower('meu_banco')
15:38:52.639455 [debug]: Writing runtime sql for node "model.meu_projeto.stg_vendas"
15:38:52.644043 [debug]: Query executed on node model.meu_projeto.stg_vendas:
/* {"app": "dbt", "dbt_version": "2.0.0", "node_id": "model.meu_projeto.stg_vendas", "profile_name": "meu_projeto", "target_name": "dev"} */

  
  create view "meu_banco"."main"."stg_vendas__dbt_tmp" as (
    SELECT
    id,
    cliente,
    categoria,
    valor,
    data_venda
from read_csv_auto('../data/stg_vendas.csv')
  );

15:38:52.649596 [debug]: Writing runtime sql for node "model.meu_projeto.stg_tips"
15:38:52.681031 [debug]: Query executed on node model.meu_projeto.stg_tips:
/* {"app": "dbt", "dbt_version": "2.0.0", "node_id": "model.meu_projeto.stg_tips", "profile_name": "meu_projeto", "target_name": "dev"} */

  
  create view "meu_banco"."main"."stg_tips__dbt_tmp" as (
    select
    total_bill,
    tip,
    sex,
    day,
    total_bill + tip as valor_total
from read_csv_auto('C:/Users/tl100/OneDrive/Documents/Carreira dados/teste-volta/pandas/tips.csv')
  );

15:38:52.689058 [debug]: Query executed on node model.meu_projeto.stg_tips:
/* {"app": "dbt", "dbt_version": "2.0.0", "node_id": "model.meu_projeto.stg_tips", "profile_name": "meu_projeto", "target_name": "dev"} */
alter view "meu_banco"."main"."stg_tips" rename to "stg_tips__dbt_backup"
15:38:52.695800 [debug]: Query executed on node model.meu_projeto.stg_tips:
/* {"app": "dbt", "dbt_version": "2.0.0", "node_id": "model.meu_projeto.stg_tips", "profile_name": "meu_projeto", "target_name": "dev"} */
alter view "meu_banco"."main"."stg_tips__dbt_tmp" rename to "stg_tips"
15:38:52.705614 [debug]: Query executed on node model.meu_projeto.stg_tips:
/* {"app": "dbt", "dbt_version": "2.0.0", "node_id": "model.meu_projeto.stg_tips", "profile_name": "meu_projeto", "target_name": "dev"} */

      drop view if exists "meu_banco"."main"."stg_tips__dbt_backup" cascade
    
15:38:52.706727 [info ]: Finished running [  0.09s] model main.stg_tips [success]
15:38:52.707317 [info ]:  Succeeded [  0.10s] model main.stg_tips (view)
15:38:52.708059 [info ]: Started model main.fct_resumo
15:38:52.708091 [debug]: Started rendering model main.fct_resumo
15:38:52.711560 [debug]: Compiled SQL for node model.meu_projeto.fct_resumo at target\compiled\meu_projeto\models\marts\fct_resumo.sql
15:38:52.711837 [debug]: Finished rendering [  0.00s] model main.fct_resumo [success]
15:38:52.713626 [debug]: Started analyzing model main.fct_resumo
15:38:52.722677 [debug]: Finished analyzing [  0.01s] model main.fct_resumo [success]
15:38:52.723615 [info ]: Started running model main.fct_resumo
15:38:52.732298 [debug]: Writing runtime sql for node "model.meu_projeto.fct_resumo"
15:38:52.750874 [debug]: Query executed on node model.meu_projeto.fct_resumo:
/* {"app": "dbt", "dbt_version": "2.0.0", "node_id": "model.meu_projeto.fct_resumo", "profile_name": "meu_projeto", "target_name": "dev"} */

  
  create view "meu_banco"."main"."fct_resumo__dbt_tmp" as (
    select
    day,
    sex,
    sum(valor_total) as total_vendas,
    avg(valor_total) as media_vendas,
    count(*) as quantidade
from "meu_banco"."main"."stg_tips"
group by 1,2
  );

15:38:52.758133 [debug]: Query executed on node model.meu_projeto.fct_resumo:
/* {"app": "dbt", "dbt_version": "2.0.0", "node_id": "model.meu_projeto.fct_resumo", "profile_name": "meu_projeto", "target_name": "dev"} */
alter view "meu_banco"."main"."fct_resumo" rename to "fct_resumo__dbt_backup"
15:38:52.765700 [debug]: Query executed on node model.meu_projeto.fct_resumo:
/* {"app": "dbt", "dbt_version": "2.0.0", "node_id": "model.meu_projeto.fct_resumo", "profile_name": "meu_projeto", "target_name": "dev"} */
alter view "meu_banco"."main"."fct_resumo__dbt_tmp" rename to "fct_resumo"
15:38:52.774560 [debug]: Query executed on node model.meu_projeto.fct_resumo:
/* {"app": "dbt", "dbt_version": "2.0.0", "node_id": "model.meu_projeto.fct_resumo", "profile_name": "meu_projeto", "target_name": "dev"} */

      drop view if exists "meu_banco"."main"."fct_resumo__dbt_backup" cascade
    
15:38:52.776231 [info ]: Finished running [  0.05s] model main.fct_resumo [success]
15:38:52.779725 [info ]:  Succeeded [  0.06s] model main.fct_resumo (view)
15:38:53.644648 [error]: [DbDriverFailed (dbt1308)]: Database Error in model stg_vendas (target\run\meu_projeto\models\staging\stg_vendas.sql)
  IO Error: No files found that match the pattern "../data/stg_vendas.csv"
  
  LINE 11: from read_csv_auto('../data/stg_vendas.csv')
                ^
  (in run\meu_projeto\models/staging\stg_vendas.sql)
15:38:53.644795 [info ]: Finished running [  1.03s] model main.stg_vendas [error]
15:38:53.646431 [info ]:     Failed [  1.04s] model main.stg_vendas (view)
15:38:53.647884 [info ]: Started model main.fct_vendas
15:38:53.647928 [debug]: Started rendering model main.fct_vendas
15:38:53.647992 [debug]: Finished rendering [  0.00s] model main.fct_vendas [skipped]
15:38:53.648151 [info ]: Finished rendering [  1.05s] (4 nodes, 1 skipped, 0 errors)
15:38:53.649346 [debug]: Started analyzing model main.fct_vendas
15:38:53.649413 [debug]: Finished analyzing [  0.00s] model main.fct_vendas [skipped]
15:38:53.649572 [info ]: Finished analyzing [  1.04s] (4 nodes, 1 skipped, 0 errors)
15:38:53.650461 [info ]: Started running model main.fct_vendas
15:38:53.650516 [info ]: Finished running [  0.00s] model main.fct_vendas [skipped]
15:38:53.650659 [info ]: Finished running [  1.03s] (4 nodes, 1 skipped, 1 errors)
15:38:53.651204 [info ]:    Skipped [-------] model main.fct_vendas (view)
15:38:53.722536 [info ]: New version available 2.0.0-preview.210 (run `dbt system update`)
15:38:53.873297 [info ]: 
==================== Execution Summary =====================
Finished 'run' with 1 error for target 'dev' [1.9s]
Processed: 4 models
Summary: 4 total | 2 success | 1 error | 1 skipped
==================== 2026-08-19T15:40:15.593865Z | 01a01aae-2565-7ed3-80b7-62cc2eebdae2 ====================
15:40:15.594197 [info ]: dbt-fusion 2.0.0-preview.205
15:40:15.595065 [info ]: Started loading project
15:40:15.599629 [info ]: Loading ~/.dbt/profiles.yml
15:40:15.616459 [debug]:    Started loading packages
15:40:15.624028 [debug]:     Loaded [  0.01s] packages
15:40:15.625355 [info ]: Finished loading project [  0.03s]
15:40:15.626452 [info ]: Started parsing
15:40:15.792604 [debug]: Finished parsing models/staging/stg_tips.yml [  0.02s]
15:40:15.793135 [debug]: Finished parsing models/staging/stg_vendas.yml [  0.00s]
15:40:15.811808 [debug]: Finished parsing models/marts/fct_resumo.sql [  0.00s]
15:40:15.812806 [debug]: Finished parsing models/marts/fct_vendas.sql [  0.00s]
15:40:15.813564 [debug]: Finished parsing models/staging/stg_tips.sql [  0.00s]
15:40:15.814267 [debug]: Finished parsing models/staging/stg_vendas.sql [  0.00s]
15:40:15.828914 [debug]: Finished parsing target\generic_tests\not_null_stg_tips_day.sql [  0.00s]
15:40:15.830255 [debug]: Finished parsing target\generic_tests\not_null_stg_tips_sex.sql [  0.00s]
15:40:15.831514 [debug]: Finished parsing target\generic_tests\not_null_stg_tips_tip.sql [  0.00s]
15:40:15.832390 [debug]: Finished parsing target\generic_tests\not_null_stg_tips_total_bill.sql [  0.00s]
15:40:15.833201 [debug]: Finished parsing target\generic_tests\unique_stg_vendas_id.sql [  0.00s]
15:40:15.834061 [debug]: Finished parsing target\generic_tests\not_null_stg_vendas_id.sql [  0.00s]
15:40:16.182827 [info ]: Finished parsing [  0.56s]
15:40:16.184071 [info ]: Started scheduling
15:40:16.184323 [info ]: Finished scheduling [  0.00s]
15:40:16.200510 [debug]: No platform credentials found, skipping remote license
15:40:16.200815 [debug]: License check failed: Feature not licensed: 'lineage'
15:40:16.201289 [info ]: Started building task graph
15:40:16.201615 [info ]: Finished building task graph [  0.00s]
15:40:16.242765 [debug]: Query executed on node unknown:
/* {"app": "dbt", "connection_name": "", "dbt_version": "2.0.0", "profile_name": "meu_projeto", "target_name": "dev"} */

    
    select schema_name
    from system.information_schema.schemata
    
    where lower(catalog_name) = '"meu_banco"'
    
  
  
15:40:16.244780 [debug]: Query executed on node unknown:
/* {"app": "dbt", "connection_name": "", "dbt_version": "2.0.0", "profile_name": "meu_projeto", "target_name": "dev"} */

    
        select type from duckdb_databases()
        where lower(database_name)='meu_banco'
        and type='sqlite'
    
  
15:40:16.245924 [debug]: Query executed on node unknown:
/* {"app": "dbt", "connection_name": "", "dbt_version": "2.0.0", "profile_name": "meu_projeto", "target_name": "dev"} */

    
    
        create schema if not exists "meu_banco"."main"
    
15:40:16.246153 [info ]: Started rendering (4 nodes)
15:40:16.246359 [info ]: Started model main.stg_vendas
15:40:16.246391 [debug]: Started rendering model main.stg_vendas
15:40:16.246457 [info ]: Started model main.stg_tips
15:40:16.246508 [debug]: Started rendering model main.stg_tips
15:40:16.249202 [debug]: Compiled SQL for node model.meu_projeto.stg_tips at target\compiled\meu_projeto\models\staging\stg_tips.sql
15:40:16.249488 [debug]: Compiled SQL for node model.meu_projeto.stg_vendas at target\compiled\meu_projeto\models\staging\stg_vendas.sql
15:40:16.249406 [debug]: Finished rendering [  0.00s] model main.stg_tips [success]
15:40:16.250183 [info ]: Started analyzing (4 nodes)
15:40:16.250572 [debug]: Started analyzing model main.stg_tips
15:40:16.250638 [debug]: Finished rendering [  0.00s] model main.stg_vendas [success]
15:40:16.251473 [debug]: Started analyzing model main.stg_vendas
15:40:16.258757 [debug]: Finished analyzing [  0.01s] model main.stg_vendas [success]
15:40:16.259205 [info ]: Started running (4 nodes)
15:40:16.259357 [info ]: Started running model main.stg_vendas
15:40:16.259667 [debug]: Finished analyzing [  0.01s] model main.stg_tips [success]
15:40:16.260168 [info ]: Started running model main.stg_tips
15:40:16.271994 [debug]: Query executed on node model.meu_projeto.stg_vendas:
SELECT table_catalog, table_schema, table_name, table_type FROM information_schema.tables WHERE table_schema = 'main' AND lower(table_catalog) = lower('meu_banco')
15:40:16.273378 [debug]: Query executed on node model.meu_projeto.stg_tips:
SELECT table_catalog, table_schema, table_name, table_type FROM information_schema.tables WHERE table_schema = 'main' AND lower(table_catalog) = lower('meu_banco')
15:40:16.279711 [debug]: Writing runtime sql for node "model.meu_projeto.stg_tips"
15:40:16.279964 [debug]: Writing runtime sql for node "model.meu_projeto.stg_vendas"
15:40:16.290454 [debug]: Query executed on node model.meu_projeto.stg_vendas:
/* {"app": "dbt", "dbt_version": "2.0.0", "node_id": "model.meu_projeto.stg_vendas", "profile_name": "meu_projeto", "target_name": "dev"} */

  
  create view "meu_banco"."main"."stg_vendas__dbt_tmp" as (
    SELECT
    id,
    cliente,
    categoria,
    valor,
    data_venda
from read_csv_auto('/../data/stg_vendas.csv')
  );

15:40:16.310551 [debug]: Query executed on node model.meu_projeto.stg_tips:
/* {"app": "dbt", "dbt_version": "2.0.0", "node_id": "model.meu_projeto.stg_tips", "profile_name": "meu_projeto", "target_name": "dev"} */

  
  create view "meu_banco"."main"."stg_tips__dbt_tmp" as (
    select
    total_bill,
    tip,
    sex,
    day,
    total_bill + tip as valor_total
from read_csv_auto('C:/Users/tl100/OneDrive/Documents/Carreira dados/teste-volta/pandas/tips.csv')
  );

15:40:16.315709 [debug]: Query executed on node model.meu_projeto.stg_tips:
/* {"app": "dbt", "dbt_version": "2.0.0", "node_id": "model.meu_projeto.stg_tips", "profile_name": "meu_projeto", "target_name": "dev"} */
alter view "meu_banco"."main"."stg_tips" rename to "stg_tips__dbt_backup"
15:40:16.322787 [debug]: Query executed on node model.meu_projeto.stg_tips:
/* {"app": "dbt", "dbt_version": "2.0.0", "node_id": "model.meu_projeto.stg_tips", "profile_name": "meu_projeto", "target_name": "dev"} */
alter view "meu_banco"."main"."stg_tips__dbt_tmp" rename to "stg_tips"
15:40:16.329680 [debug]: Query executed on node model.meu_projeto.stg_tips:
/* {"app": "dbt", "dbt_version": "2.0.0", "node_id": "model.meu_projeto.stg_tips", "profile_name": "meu_projeto", "target_name": "dev"} */

      drop view if exists "meu_banco"."main"."stg_tips__dbt_backup" cascade
    
15:40:16.331647 [info ]: Finished running [  0.07s] model main.stg_tips [success]
15:40:16.332715 [info ]:  Succeeded [  0.08s] model main.stg_tips (view)
15:40:16.334302 [info ]: Started model main.fct_resumo
15:40:16.334336 [debug]: Started rendering model main.fct_resumo
15:40:16.337226 [debug]: Compiled SQL for node model.meu_projeto.fct_resumo at target\compiled\meu_projeto\models\marts\fct_resumo.sql
15:40:16.337586 [debug]: Finished rendering [  0.00s] model main.fct_resumo [success]
15:40:16.339286 [debug]: Started analyzing model main.fct_resumo
15:40:16.347090 [debug]: Finished analyzing [  0.01s] model main.fct_resumo [success]
15:40:16.347554 [info ]: Started running model main.fct_resumo
15:40:16.352860 [debug]: Writing runtime sql for node "model.meu_projeto.fct_resumo"
15:40:16.368916 [debug]: Query executed on node model.meu_projeto.fct_resumo:
/* {"app": "dbt", "dbt_version": "2.0.0", "node_id": "model.meu_projeto.fct_resumo", "profile_name": "meu_projeto", "target_name": "dev"} */

  
  create view "meu_banco"."main"."fct_resumo__dbt_tmp" as (
    select
    day,
    sex,
    sum(valor_total) as total_vendas,
    avg(valor_total) as media_vendas,
    count(*) as quantidade
from "meu_banco"."main"."stg_tips"
group by 1,2
  );

15:40:16.375518 [debug]: Query executed on node model.meu_projeto.fct_resumo:
/* {"app": "dbt", "dbt_version": "2.0.0", "node_id": "model.meu_projeto.fct_resumo", "profile_name": "meu_projeto", "target_name": "dev"} */
alter view "meu_banco"."main"."fct_resumo" rename to "fct_resumo__dbt_backup"
15:40:16.380216 [debug]: Query executed on node model.meu_projeto.fct_resumo:
/* {"app": "dbt", "dbt_version": "2.0.0", "node_id": "model.meu_projeto.fct_resumo", "profile_name": "meu_projeto", "target_name": "dev"} */
alter view "meu_banco"."main"."fct_resumo__dbt_tmp" rename to "fct_resumo"
15:40:16.385872 [debug]: Query executed on node model.meu_projeto.fct_resumo:
/* {"app": "dbt", "dbt_version": "2.0.0", "node_id": "model.meu_projeto.fct_resumo", "profile_name": "meu_projeto", "target_name": "dev"} */

      drop view if exists "meu_banco"."main"."fct_resumo__dbt_backup" cascade
    
15:40:16.387526 [info ]: Finished running [  0.04s] model main.fct_resumo [success]
15:40:16.388148 [info ]:  Succeeded [  0.05s] model main.fct_resumo (view)
15:40:17.291087 [error]: [DbDriverFailed (dbt1308)]: Database Error in model stg_vendas (target\run\meu_projeto\models\staging\stg_vendas.sql)
  IO Error: No files found that match the pattern "/../data/stg_vendas.csv"
  
  LINE 11: from read_csv_auto('/../data/stg_vendas.csv')
                ^
  (in run\meu_projeto\models/staging\stg_vendas.sql)
15:40:17.291230 [info ]: Finished running [  1.03s] model main.stg_vendas [error]
15:40:17.292950 [info ]:     Failed [  1.04s] model main.stg_vendas (view)
15:40:17.294286 [info ]: Started model main.fct_vendas
15:40:17.294329 [debug]: Started rendering model main.fct_vendas
15:40:17.294383 [debug]: Finished rendering [  0.00s] model main.fct_vendas [skipped]
15:40:17.294610 [info ]: Finished rendering [  1.05s] (4 nodes, 1 skipped, 0 errors)
15:40:17.295758 [debug]: Started analyzing model main.fct_vendas
15:40:17.295814 [debug]: Finished analyzing [  0.00s] model main.fct_vendas [skipped]
15:40:17.295983 [info ]: Finished analyzing [  1.05s] (4 nodes, 1 skipped, 0 errors)
15:40:17.296771 [info ]: Started running model main.fct_vendas
15:40:17.296826 [info ]: Finished running [  0.00s] model main.fct_vendas [skipped]
15:40:17.296954 [info ]: Finished running [  1.04s] (4 nodes, 1 skipped, 1 errors)
15:40:17.297430 [info ]:    Skipped [-------] model main.fct_vendas (view)
15:40:17.361274 [info ]: New version available 2.0.0-preview.210 (run `dbt system update`)
15:40:17.480617 [info ]: 
==================== Execution Summary =====================
Finished 'run' with 1 error for target 'dev' [1.9s]
Processed: 4 models
Summary: 4 total | 2 success | 1 error | 1 skipped
==================== 2026-08-19T15:40:41.933424Z | 01a01aae-8c49-7ee0-8068-3a2c405cb9ed ====================
15:40:41.933686 [info ]: dbt-fusion 2.0.0-preview.205
15:40:41.934689 [info ]: Started loading project
15:40:41.938993 [info ]: Loading ~/.dbt/profiles.yml
15:40:41.953821 [debug]:    Started loading packages
15:40:41.960026 [debug]:     Loaded [  0.01s] packages
15:40:41.961404 [info ]: Finished loading project [  0.03s]
15:40:41.962405 [info ]: Started parsing
15:40:42.023603 [debug]: Finished parsing models/staging/stg_tips.yml [  0.00s]
15:40:42.024079 [debug]: Finished parsing models/staging/stg_vendas.yml [  0.00s]
15:40:42.026724 [debug]: Finished parsing models/marts/fct_resumo.sql [  0.00s]
15:40:42.027416 [debug]: Finished parsing models/marts/fct_vendas.sql [  0.00s]
15:40:42.028066 [debug]: Finished parsing models/staging/stg_tips.sql [  0.00s]
15:40:42.028690 [debug]: Finished parsing models/staging/stg_vendas.sql [  0.00s]
15:40:42.041955 [debug]: Finished parsing target\generic_tests\not_null_stg_tips_day.sql [  0.00s]
15:40:42.043247 [debug]: Finished parsing target\generic_tests\not_null_stg_tips_sex.sql [  0.00s]
15:40:42.044750 [debug]: Finished parsing target\generic_tests\not_null_stg_tips_tip.sql [  0.00s]
15:40:42.046185 [debug]: Finished parsing target\generic_tests\not_null_stg_tips_total_bill.sql [  0.00s]
15:40:42.047393 [debug]: Finished parsing target\generic_tests\unique_stg_vendas_id.sql [  0.00s]
15:40:42.048580 [debug]: Finished parsing target\generic_tests\not_null_stg_vendas_id.sql [  0.00s]
15:40:42.404054 [info ]: Finished parsing [  0.44s]
15:40:42.405287 [info ]: Started scheduling
15:40:42.405560 [info ]: Finished scheduling [  0.00s]
15:40:42.417877 [debug]: No platform credentials found, skipping remote license
15:40:42.418250 [debug]: License check failed: Feature not licensed: 'lineage'
15:40:42.418885 [info ]: Started building task graph
15:40:42.419278 [info ]: Finished building task graph [  0.00s]
15:40:42.469025 [debug]: Query executed on node unknown:
/* {"app": "dbt", "connection_name": "", "dbt_version": "2.0.0", "profile_name": "meu_projeto", "target_name": "dev"} */

    
    select schema_name
    from system.information_schema.schemata
    
    where lower(catalog_name) = '"meu_banco"'
    
  
  
15:40:42.471101 [debug]: Query executed on node unknown:
/* {"app": "dbt", "connection_name": "", "dbt_version": "2.0.0", "profile_name": "meu_projeto", "target_name": "dev"} */

    
        select type from duckdb_databases()
        where lower(database_name)='meu_banco'
        and type='sqlite'
    
  
15:40:42.471841 [debug]: Query executed on node unknown:
/* {"app": "dbt", "connection_name": "", "dbt_version": "2.0.0", "profile_name": "meu_projeto", "target_name": "dev"} */

    
    
        create schema if not exists "meu_banco"."main"
    
15:40:42.472049 [info ]: Started rendering (4 nodes)
15:40:42.472284 [info ]: Started model main.stg_vendas
15:40:42.472303 [debug]: Started rendering model main.stg_vendas
15:40:42.472346 [info ]: Started model main.stg_tips
15:40:42.472397 [debug]: Started rendering model main.stg_tips
15:40:42.474541 [debug]: Compiled SQL for node model.meu_projeto.stg_vendas at target\compiled\meu_projeto\models\staging\stg_vendas.sql
15:40:42.475048 [debug]: Compiled SQL for node model.meu_projeto.stg_tips at target\compiled\meu_projeto\models\staging\stg_tips.sql
15:40:42.475395 [debug]: Finished rendering [  0.00s] model main.stg_vendas [success]
15:40:42.475993 [info ]: Started analyzing (4 nodes)
15:40:42.476395 [debug]: Started analyzing model main.stg_vendas
15:40:42.476447 [debug]: Finished rendering [  0.00s] model main.stg_tips [success]
15:40:42.477501 [debug]: Started analyzing model main.stg_tips
15:40:42.487398 [debug]: Finished analyzing [  0.01s] model main.stg_vendas [success]
15:40:42.487799 [info ]: Started running (4 nodes)
15:40:42.487976 [info ]: Started running model main.stg_vendas
15:40:42.488906 [debug]: Finished analyzing [  0.01s] model main.stg_tips [success]
15:40:42.490576 [info ]: Started running model main.stg_tips
15:40:42.503489 [debug]: Query executed on node model.meu_projeto.stg_vendas:
SELECT table_catalog, table_schema, table_name, table_type FROM information_schema.tables WHERE table_schema = 'main' AND lower(table_catalog) = lower('meu_banco')
15:40:42.504406 [debug]: Query executed on node model.meu_projeto.stg_tips:
SELECT table_catalog, table_schema, table_name, table_type FROM information_schema.tables WHERE table_schema = 'main' AND lower(table_catalog) = lower('meu_banco')
15:40:42.509830 [debug]: Writing runtime sql for node "model.meu_projeto.stg_vendas"
15:40:42.510679 [debug]: Writing runtime sql for node "model.meu_projeto.stg_tips"
15:40:42.513989 [debug]: Query executed on node model.meu_projeto.stg_vendas:
/* {"app": "dbt", "dbt_version": "2.0.0", "node_id": "model.meu_projeto.stg_vendas", "profile_name": "meu_projeto", "target_name": "dev"} */

  
  create view "meu_banco"."main"."stg_vendas__dbt_tmp" as (
    SELECT
    id,
    cliente,
    categoria,
    valor,
    data_venda
from read_csv_auto('/data/stg_vendas.csv')
  );

15:40:42.531413 [debug]: Query executed on node model.meu_projeto.stg_tips:
/* {"app": "dbt", "dbt_version": "2.0.0", "node_id": "model.meu_projeto.stg_tips", "profile_name": "meu_projeto", "target_name": "dev"} */

  
  create view "meu_banco"."main"."stg_tips__dbt_tmp" as (
    select
    total_bill,
    tip,
    sex,
    day,
    total_bill + tip as valor_total
from read_csv_auto('C:/Users/tl100/OneDrive/Documents/Carreira dados/teste-volta/pandas/tips.csv')
  );

15:40:42.539039 [debug]: Query executed on node model.meu_projeto.stg_tips:
/* {"app": "dbt", "dbt_version": "2.0.0", "node_id": "model.meu_projeto.stg_tips", "profile_name": "meu_projeto", "target_name": "dev"} */
alter view "meu_banco"."main"."stg_tips" rename to "stg_tips__dbt_backup"
15:40:42.545979 [debug]: Query executed on node model.meu_projeto.stg_tips:
/* {"app": "dbt", "dbt_version": "2.0.0", "node_id": "model.meu_projeto.stg_tips", "profile_name": "meu_projeto", "target_name": "dev"} */
alter view "meu_banco"."main"."stg_tips__dbt_tmp" rename to "stg_tips"
15:40:42.554534 [debug]: Query executed on node model.meu_projeto.stg_tips:
/* {"app": "dbt", "dbt_version": "2.0.0", "node_id": "model.meu_projeto.stg_tips", "profile_name": "meu_projeto", "target_name": "dev"} */

      drop view if exists "meu_banco"."main"."stg_tips__dbt_backup" cascade
    
15:40:42.556055 [info ]: Finished running [  0.07s] model main.stg_tips [success]
15:40:42.556610 [info ]:  Succeeded [  0.08s] model main.stg_tips (view)
15:40:42.557274 [info ]: Started model main.fct_resumo
15:40:42.557305 [debug]: Started rendering model main.fct_resumo
15:40:42.559405 [debug]: Compiled SQL for node model.meu_projeto.fct_resumo at target\compiled\meu_projeto\models\marts\fct_resumo.sql
15:40:42.559575 [debug]: Finished rendering [  0.00s] model main.fct_resumo [success]
15:40:42.560101 [debug]: Started analyzing model main.fct_resumo
15:40:42.568770 [debug]: Finished analyzing [  0.01s] model main.fct_resumo [success]
15:40:42.569583 [info ]: Started running model main.fct_resumo
15:40:42.577018 [debug]: Writing runtime sql for node "model.meu_projeto.fct_resumo"
15:40:42.594833 [debug]: Query executed on node model.meu_projeto.fct_resumo:
/* {"app": "dbt", "dbt_version": "2.0.0", "node_id": "model.meu_projeto.fct_resumo", "profile_name": "meu_projeto", "target_name": "dev"} */

  
  create view "meu_banco"."main"."fct_resumo__dbt_tmp" as (
    select
    day,
    sex,
    sum(valor_total) as total_vendas,
    avg(valor_total) as media_vendas,
    count(*) as quantidade
from "meu_banco"."main"."stg_tips"
group by 1,2
  );

15:40:42.600923 [debug]: Query executed on node model.meu_projeto.fct_resumo:
/* {"app": "dbt", "dbt_version": "2.0.0", "node_id": "model.meu_projeto.fct_resumo", "profile_name": "meu_projeto", "target_name": "dev"} */
alter view "meu_banco"."main"."fct_resumo" rename to "fct_resumo__dbt_backup"
15:40:42.607026 [debug]: Query executed on node model.meu_projeto.fct_resumo:
/* {"app": "dbt", "dbt_version": "2.0.0", "node_id": "model.meu_projeto.fct_resumo", "profile_name": "meu_projeto", "target_name": "dev"} */
alter view "meu_banco"."main"."fct_resumo__dbt_tmp" rename to "fct_resumo"
15:40:42.613569 [debug]: Query executed on node model.meu_projeto.fct_resumo:
/* {"app": "dbt", "dbt_version": "2.0.0", "node_id": "model.meu_projeto.fct_resumo", "profile_name": "meu_projeto", "target_name": "dev"} */

      drop view if exists "meu_banco"."main"."fct_resumo__dbt_backup" cascade
    
15:40:42.614411 [info ]: Finished running [  0.04s] model main.fct_resumo [success]
15:40:42.615343 [info ]:  Succeeded [  0.05s] model main.fct_resumo (view)
15:40:43.514647 [error]: [DbDriverFailed (dbt1308)]: Database Error in model stg_vendas (target\run\meu_projeto\models\staging\stg_vendas.sql)
  IO Error: No files found that match the pattern "/data/stg_vendas.csv"
  
  LINE 11: from read_csv_auto('/data/stg_vendas.csv')
                ^
  (in run\meu_projeto\models/staging\stg_vendas.sql)
15:40:43.514819 [info ]: Finished running [  1.03s] model main.stg_vendas [error]
15:40:43.516758 [info ]:     Failed [  1.04s] model main.stg_vendas (view)
15:40:43.518600 [info ]: Started model main.fct_vendas
15:40:43.518654 [debug]: Started rendering model main.fct_vendas
15:40:43.518734 [debug]: Finished rendering [  0.00s] model main.fct_vendas [skipped]
15:40:43.518990 [info ]: Finished rendering [  1.05s] (4 nodes, 1 skipped, 0 errors)
15:40:43.521097 [debug]: Started analyzing model main.fct_vendas
15:40:43.521206 [debug]: Finished analyzing [  0.00s] model main.fct_vendas [skipped]
15:40:43.521412 [info ]: Finished analyzing [  1.05s] (4 nodes, 1 skipped, 0 errors)
15:40:43.522685 [info ]: Started running model main.fct_vendas
15:40:43.522756 [info ]: Finished running [  0.00s] model main.fct_vendas [skipped]
15:40:43.522932 [info ]: Finished running [  1.04s] (4 nodes, 1 skipped, 1 errors)
15:40:43.524208 [info ]:    Skipped [-------] model main.fct_vendas (view)
15:40:43.642741 [info ]: New version available 2.0.0-preview.210 (run `dbt system update`)
15:40:43.807615 [info ]: 
==================== Execution Summary =====================
Finished 'run' with 1 error for target 'dev' [1.9s]
Processed: 4 models
Summary: 4 total | 2 success | 1 error | 1 skipped
==================== 2026-08-19T15:41:07.010235Z | 01a01aae-ee3e-70e0-ae64-c288c9c7ef01 ====================
15:41:07.010450 [info ]: dbt-fusion 2.0.0-preview.205
15:41:07.011342 [info ]: Started loading project
15:41:07.015823 [info ]: Loading ~/.dbt/profiles.yml
15:41:07.029456 [debug]:    Started loading packages
15:41:07.034175 [debug]:     Loaded [  0.00s] packages
15:41:07.036502 [info ]: Finished loading project [  0.03s]
15:41:07.037830 [info ]: Started parsing
15:41:07.097466 [debug]: Finished parsing models/staging/stg_tips.yml [  0.00s]
15:41:07.097854 [debug]: Finished parsing models/staging/stg_vendas.yml [  0.00s]
15:41:07.100787 [debug]: Finished parsing models/marts/fct_resumo.sql [  0.00s]
15:41:07.102203 [debug]: Finished parsing models/marts/fct_vendas.sql [  0.00s]
15:41:07.103857 [debug]: Finished parsing models/staging/stg_tips.sql [  0.00s]
15:41:07.104880 [debug]: Finished parsing models/staging/stg_vendas.sql [  0.00s]
15:41:07.118326 [debug]: Finished parsing target\generic_tests\not_null_stg_tips_day.sql [  0.00s]
15:41:07.119824 [debug]: Finished parsing target\generic_tests\not_null_stg_tips_sex.sql [  0.00s]
15:41:07.121681 [debug]: Finished parsing target\generic_tests\not_null_stg_tips_tip.sql [  0.00s]
15:41:07.122953 [debug]: Finished parsing target\generic_tests\not_null_stg_tips_total_bill.sql [  0.00s]
15:41:07.125212 [debug]: Finished parsing target\generic_tests\unique_stg_vendas_id.sql [  0.00s]
15:41:07.127574 [debug]: Finished parsing target\generic_tests\not_null_stg_vendas_id.sql [  0.00s]
15:41:07.491000 [info ]: Finished parsing [  0.45s]
15:41:07.492318 [info ]: Started scheduling
15:41:07.492681 [info ]: Finished scheduling [  0.00s]
15:41:07.506212 [debug]: No platform credentials found, skipping remote license
15:41:07.506496 [debug]: License check failed: Feature not licensed: 'lineage'
15:41:07.506961 [info ]: Started building task graph
15:41:07.507282 [info ]: Finished building task graph [  0.00s]
15:41:07.555967 [debug]: Query executed on node unknown:
/* {"app": "dbt", "connection_name": "", "dbt_version": "2.0.0", "profile_name": "meu_projeto", "target_name": "dev"} */

    
    select schema_name
    from system.information_schema.schemata
    
    where lower(catalog_name) = '"meu_banco"'
    
  
  
15:41:07.557509 [debug]: Query executed on node unknown:
/* {"app": "dbt", "connection_name": "", "dbt_version": "2.0.0", "profile_name": "meu_projeto", "target_name": "dev"} */

    
        select type from duckdb_databases()
        where lower(database_name)='meu_banco'
        and type='sqlite'
    
  
15:41:07.558282 [debug]: Query executed on node unknown:
/* {"app": "dbt", "connection_name": "", "dbt_version": "2.0.0", "profile_name": "meu_projeto", "target_name": "dev"} */

    
    
        create schema if not exists "meu_banco"."main"
    
15:41:07.558470 [info ]: Started rendering (4 nodes)
15:41:07.558686 [info ]: Started model main.stg_vendas
15:41:07.558716 [debug]: Started rendering model main.stg_vendas
15:41:07.558779 [info ]: Started model main.stg_tips
15:41:07.558813 [debug]: Started rendering model main.stg_tips
15:41:07.561229 [debug]: Compiled SQL for node model.meu_projeto.stg_vendas at target\compiled\meu_projeto\models\staging\stg_vendas.sql
15:41:07.561246 [debug]: Compiled SQL for node model.meu_projeto.stg_tips at target\compiled\meu_projeto\models\staging\stg_tips.sql
15:41:07.561451 [debug]: Finished rendering [  0.00s] model main.stg_tips [success]
15:41:07.562709 [info ]: Started analyzing (4 nodes)
15:41:07.563526 [debug]: Started analyzing model main.stg_tips
15:41:07.563606 [debug]: Finished rendering [  0.00s] model main.stg_vendas [success]
15:41:07.563930 [debug]: Started analyzing model main.stg_vendas
15:41:07.575076 [debug]: Finished analyzing [  0.01s] model main.stg_vendas [success]
15:41:07.575572 [info ]: Started running (4 nodes)
15:41:07.575751 [info ]: Started running model main.stg_vendas
15:41:07.575797 [debug]: Finished analyzing [  0.01s] model main.stg_tips [success]
15:41:07.576226 [info ]: Started running model main.stg_tips
15:41:07.589208 [debug]: Query executed on node model.meu_projeto.stg_vendas:
SELECT table_catalog, table_schema, table_name, table_type FROM information_schema.tables WHERE table_schema = 'main' AND lower(table_catalog) = lower('meu_banco')
15:41:07.589209 [debug]: Query executed on node model.meu_projeto.stg_tips:
SELECT table_catalog, table_schema, table_name, table_type FROM information_schema.tables WHERE table_schema = 'main' AND lower(table_catalog) = lower('meu_banco')
15:41:07.593787 [debug]: Writing runtime sql for node "model.meu_projeto.stg_vendas"
15:41:07.593921 [debug]: Writing runtime sql for node "model.meu_projeto.stg_tips"
15:41:07.624043 [debug]: Query executed on node model.meu_projeto.stg_vendas:
/* {"app": "dbt", "dbt_version": "2.0.0", "node_id": "model.meu_projeto.stg_vendas", "profile_name": "meu_projeto", "target_name": "dev"} */

  
  create view "meu_banco"."main"."stg_vendas__dbt_tmp" as (
    SELECT
    id,
    cliente,
    categoria,
    valor,
    data_venda
from read_csv_auto('C:\Users\tl100\OneDrive\Documents\Carreira dados\teste-volta\dbt\models\data\stg_vendas.csv')
  );

15:41:07.625524 [debug]: Query executed on node model.meu_projeto.stg_tips:
/* {"app": "dbt", "dbt_version": "2.0.0", "node_id": "model.meu_projeto.stg_tips", "profile_name": "meu_projeto", "target_name": "dev"} */

  
  create view "meu_banco"."main"."stg_tips__dbt_tmp" as (
    select
    total_bill,
    tip,
    sex,
    day,
    total_bill + tip as valor_total
from read_csv_auto('C:/Users/tl100/OneDrive/Documents/Carreira dados/teste-volta/pandas/tips.csv')
  );

15:41:07.631005 [debug]: Query executed on node model.meu_projeto.stg_vendas:
/* {"app": "dbt", "dbt_version": "2.0.0", "node_id": "model.meu_projeto.stg_vendas", "profile_name": "meu_projeto", "target_name": "dev"} */
alter view "meu_banco"."main"."stg_vendas__dbt_tmp" rename to "stg_vendas"
15:41:07.632929 [debug]: Query executed on node model.meu_projeto.stg_tips:
/* {"app": "dbt", "dbt_version": "2.0.0", "node_id": "model.meu_projeto.stg_tips", "profile_name": "meu_projeto", "target_name": "dev"} */
alter view "meu_banco"."main"."stg_tips" rename to "stg_tips__dbt_backup"
15:41:07.637441 [debug]: Query executed on node model.meu_projeto.stg_vendas:
/* {"app": "dbt", "dbt_version": "2.0.0", "node_id": "model.meu_projeto.stg_vendas", "profile_name": "meu_projeto", "target_name": "dev"} */

      drop view if exists "meu_banco"."main"."stg_vendas__dbt_backup" cascade
    
15:41:07.638655 [info ]: Finished running [  0.06s] model main.stg_vendas [success]
15:41:07.639276 [debug]: Query executed on node model.meu_projeto.stg_tips:
/* {"app": "dbt", "dbt_version": "2.0.0", "node_id": "model.meu_projeto.stg_tips", "profile_name": "meu_projeto", "target_name": "dev"} */
alter view "meu_banco"."main"."stg_tips__dbt_tmp" rename to "stg_tips"
15:41:07.639201 [info ]:  Succeeded [  0.08s] model main.stg_vendas (view)
15:41:07.639860 [info ]: Started model main.fct_vendas
15:41:07.639893 [debug]: Started rendering model main.fct_vendas
15:41:07.642890 [debug]: Compiled SQL for node model.meu_projeto.fct_vendas at target\compiled\meu_projeto\models\marts\fct_vendas.sql
15:41:07.643415 [debug]: Finished rendering [  0.00s] model main.fct_vendas [success]
15:41:07.644647 [debug]: Started analyzing model main.fct_vendas
15:41:07.648553 [debug]: Query executed on node model.meu_projeto.stg_tips:
/* {"app": "dbt", "dbt_version": "2.0.0", "node_id": "model.meu_projeto.stg_tips", "profile_name": "meu_projeto", "target_name": "dev"} */

      drop view if exists "meu_banco"."main"."stg_tips__dbt_backup" cascade
    
15:41:07.650126 [info ]: Finished running [  0.07s] model main.stg_tips [success]
15:41:07.651581 [info ]:  Succeeded [  0.09s] model main.stg_tips (view)
15:41:07.654270 [warn ]: [SyntaxInvalid (dbt0101)]: mismatched input 'as' expecting one of <EOF>, ';'
  --> models/marts/fct_vendas.sql:7:5 (target\compiled\meu_projeto\models\marts\fct_vendas.sql:7:5)
15:41:07.654385 [info ]: Started model main.fct_resumo
15:41:07.654416 [debug]: Started rendering model main.fct_resumo
15:41:07.654475 [debug]: Finished analyzing [  0.01s] model main.fct_vendas [success]
15:41:07.654935 [info ]: Started running model main.fct_vendas
15:41:07.656786 [debug]: Compiled SQL for node model.meu_projeto.fct_resumo at target\compiled\meu_projeto\models\marts\fct_resumo.sql
15:41:07.657007 [debug]: Finished rendering [  0.00s] model main.fct_resumo [success]
15:41:07.659615 [info ]: Finished rendering [  0.10s] (4 nodes, 0 skipped, 0 errors)
15:41:07.660284 [debug]: Started analyzing model main.fct_resumo
15:41:07.662551 [debug]: Writing runtime sql for node "model.meu_projeto.fct_vendas"
15:41:07.666020 [debug]: Query executed on node model.meu_projeto.fct_vendas:
/* {"app": "dbt", "dbt_version": "2.0.0", "node_id": "model.meu_projeto.fct_vendas", "profile_name": "meu_projeto", "target_name": "dev"} */

  
  create view "meu_banco"."main"."fct_vendas__dbt_tmp" as (
    SELECT
    cliente,
    categoria,
    SUM(valor) AS total_vendas,
    AVG(valor) AS media_vendas,
    COUNT(*) AS quantidade_vendas,
    as percentual_total
FROM "meu_banco"."main"."stg_vendas"
GROUP BY cliente, categoria
  );

15:41:07.663993 [debug]: Finished analyzing [  0.00s] model main.fct_resumo [success]
15:41:07.666468 [info ]: Finished analyzing [  0.10s] (4 nodes, 0 skipped, 0 errors)
15:41:07.668161 [info ]: Started running model main.fct_resumo
15:41:07.675824 [debug]: Writing runtime sql for node "model.meu_projeto.fct_resumo"
15:41:07.694518 [debug]: Query executed on node model.meu_projeto.fct_resumo:
/* {"app": "dbt", "dbt_version": "2.0.0", "node_id": "model.meu_projeto.fct_resumo", "profile_name": "meu_projeto", "target_name": "dev"} */

  
  create view "meu_banco"."main"."fct_resumo__dbt_tmp" as (
    select
    day,
    sex,
    sum(valor_total) as total_vendas,
    avg(valor_total) as media_vendas,
    count(*) as quantidade
from "meu_banco"."main"."stg_tips"
group by 1,2
  );

15:41:07.700807 [debug]: Query executed on node model.meu_projeto.fct_resumo:
/* {"app": "dbt", "dbt_version": "2.0.0", "node_id": "model.meu_projeto.fct_resumo", "profile_name": "meu_projeto", "target_name": "dev"} */
alter view "meu_banco"."main"."fct_resumo" rename to "fct_resumo__dbt_backup"
15:41:07.705958 [debug]: Query executed on node model.meu_projeto.fct_resumo:
/* {"app": "dbt", "dbt_version": "2.0.0", "node_id": "model.meu_projeto.fct_resumo", "profile_name": "meu_projeto", "target_name": "dev"} */
alter view "meu_banco"."main"."fct_resumo__dbt_tmp" rename to "fct_resumo"
15:41:07.714060 [debug]: Query executed on node model.meu_projeto.fct_resumo:
/* {"app": "dbt", "dbt_version": "2.0.0", "node_id": "model.meu_projeto.fct_resumo", "profile_name": "meu_projeto", "target_name": "dev"} */

      drop view if exists "meu_banco"."main"."fct_resumo__dbt_backup" cascade
    
15:41:07.714889 [info ]: Finished running [  0.05s] model main.fct_resumo [success]
15:41:07.715245 [info ]:  Succeeded [  0.05s] model main.fct_resumo (view)
15:41:08.684144 [error]: [DbDriverFailed (dbt1308)]: Database Error in model fct_vendas (target\run\meu_projeto\models\marts\fct_vendas.sql)
  Parser Error: syntax error at or near "as"
  
  LINE 11:     as percentual_total
               ^
  (in run\meu_projeto\models/marts\fct_vendas.sql)
15:41:08.684277 [info ]: Finished running [  1.03s] model main.fct_vendas [error]
15:41:08.736562 [info ]: Finished running [  1.16s] (4 nodes, 0 skipped, 1 errors)
15:41:08.740247 [info ]:     Failed [  1.04s] model main.fct_vendas (view)
15:41:08.828177 [info ]: New version available 2.0.0-preview.210 (run `dbt system update`)
15:41:08.935951 [info ]: 
==================== Execution Summary =====================
Finished 'run' with 1 warning and 1 error for target 'dev' [1.9s]
Processed: 4 models
Summary: 4 total | 3 success | 1 error
==================== 2026-08-19T15:46:07.480445Z | 01a01ab3-83f4-72c1-b2cd-616938a84353 ====================
15:46:07.480657 [info ]: dbt-fusion 2.0.0-preview.205
15:46:07.481543 [info ]: Started loading project
15:46:07.486403 [info ]: Loading ~/.dbt/profiles.yml
15:46:07.498145 [debug]:    Started loading packages
15:46:07.505445 [debug]:     Loaded [  0.01s] packages
15:46:07.508530 [info ]: Finished loading project [  0.03s]
15:46:07.509854 [info ]: Started parsing
15:46:07.572387 [debug]: Finished parsing models/staging/stg_tips.yml [  0.00s]
15:46:07.572716 [debug]: Finished parsing models/staging/stg_vendas.yml [  0.00s]
15:46:07.575149 [debug]: Finished parsing models/marts/fct_resumo.sql [  0.00s]
15:46:07.575799 [debug]: Finished parsing models/marts/fct_vendas.sql [  0.00s]
15:46:07.576473 [debug]: Finished parsing models/staging/stg_tips.sql [  0.00s]
15:46:07.577038 [debug]: Finished parsing models/staging/stg_vendas.sql [  0.00s]
15:46:07.590511 [debug]: Finished parsing target\generic_tests\not_null_stg_tips_day.sql [  0.00s]
15:46:07.591956 [debug]: Finished parsing target\generic_tests\not_null_stg_tips_sex.sql [  0.00s]
15:46:07.595135 [debug]: Finished parsing target\generic_tests\not_null_stg_tips_tip.sql [  0.00s]
15:46:07.596375 [debug]: Finished parsing target\generic_tests\not_null_stg_tips_total_bill.sql [  0.00s]
15:46:07.597180 [debug]: Finished parsing target\generic_tests\unique_stg_vendas_id.sql [  0.00s]
15:46:07.598006 [debug]: Finished parsing target\generic_tests\not_null_stg_vendas_id.sql [  0.00s]
15:46:07.947862 [info ]: Finished parsing [  0.44s]
15:46:07.950271 [info ]: Started scheduling
15:46:07.950631 [info ]: Finished scheduling [  0.00s]
15:46:07.973347 [debug]: No platform credentials found, skipping remote license
15:46:07.973735 [debug]: License check failed: Feature not licensed: 'lineage'
15:46:07.974354 [info ]: Started building task graph
15:46:07.974720 [info ]: Finished building task graph [  0.00s]
15:46:08.023057 [debug]: Query executed on node unknown:
/* {"app": "dbt", "connection_name": "", "dbt_version": "2.0.0", "profile_name": "meu_projeto", "target_name": "dev"} */

    
    select schema_name
    from system.information_schema.schemata
    
    where lower(catalog_name) = '"meu_banco"'
    
  
  
15:46:08.024664 [debug]: Query executed on node unknown:
/* {"app": "dbt", "connection_name": "", "dbt_version": "2.0.0", "profile_name": "meu_projeto", "target_name": "dev"} */

    
        select type from duckdb_databases()
        where lower(database_name)='meu_banco'
        and type='sqlite'
    
  
15:46:08.025348 [debug]: Query executed on node unknown:
/* {"app": "dbt", "connection_name": "", "dbt_version": "2.0.0", "profile_name": "meu_projeto", "target_name": "dev"} */

    
    
        create schema if not exists "meu_banco"."main"
    
15:46:08.025526 [info ]: Started rendering (4 nodes)
15:46:08.025699 [info ]: Started model main.stg_vendas
15:46:08.025718 [debug]: Started rendering model main.stg_vendas
15:46:08.025761 [info ]: Started model main.stg_tips
15:46:08.025799 [debug]: Started rendering model main.stg_tips
15:46:08.027717 [debug]: Compiled SQL for node model.meu_projeto.stg_tips at target\compiled\meu_projeto\models\staging\stg_tips.sql
15:46:08.027768 [debug]: Compiled SQL for node model.meu_projeto.stg_vendas at target\compiled\meu_projeto\models\staging\stg_vendas.sql
15:46:08.027895 [debug]: Finished rendering [  0.00s] model main.stg_tips [success]
15:46:08.029528 [info ]: Started analyzing (4 nodes)
15:46:08.029764 [debug]: Started analyzing model main.stg_tips
15:46:08.029835 [debug]: Finished rendering [  0.00s] model main.stg_vendas [success]
15:46:08.030146 [debug]: Started analyzing model main.stg_vendas
15:46:08.040721 [debug]: Finished analyzing [  0.01s] model main.stg_vendas [success]
15:46:08.041667 [info ]: Started running (4 nodes)
15:46:08.041866 [info ]: Started running model main.stg_vendas
15:46:08.041926 [debug]: Finished analyzing [  0.01s] model main.stg_tips [success]
15:46:08.042309 [info ]: Started running model main.stg_tips
15:46:08.056082 [debug]: Query executed on node model.meu_projeto.stg_vendas:
SELECT table_catalog, table_schema, table_name, table_type FROM information_schema.tables WHERE table_schema = 'main' AND lower(table_catalog) = lower('meu_banco')
15:46:08.057348 [debug]: Query executed on node model.meu_projeto.stg_tips:
SELECT table_catalog, table_schema, table_name, table_type FROM information_schema.tables WHERE table_schema = 'main' AND lower(table_catalog) = lower('meu_banco')
15:46:08.061940 [debug]: Writing runtime sql for node "model.meu_projeto.stg_vendas"
15:46:08.062202 [debug]: Writing runtime sql for node "model.meu_projeto.stg_tips"
15:46:08.114135 [debug]: Query executed on node model.meu_projeto.stg_vendas:
/* {"app": "dbt", "dbt_version": "2.0.0", "node_id": "model.meu_projeto.stg_vendas", "profile_name": "meu_projeto", "target_name": "dev"} */

  
  create view "meu_banco"."main"."stg_vendas__dbt_tmp" as (
    SELECT
    id,
    cliente,
    categoria,
    valor,
    data_venda
from read_csv_auto('C:\Users\tl100\OneDrive\Documents\Carreira dados\teste-volta\dbt\models\data\stg_vendas.csv')
  );

15:46:08.121827 [debug]: Query executed on node model.meu_projeto.stg_vendas:
/* {"app": "dbt", "dbt_version": "2.0.0", "node_id": "model.meu_projeto.stg_vendas", "profile_name": "meu_projeto", "target_name": "dev"} */
alter view "meu_banco"."main"."stg_vendas" rename to "stg_vendas__dbt_backup"
15:46:08.127827 [debug]: Query executed on node model.meu_projeto.stg_vendas:
/* {"app": "dbt", "dbt_version": "2.0.0", "node_id": "model.meu_projeto.stg_vendas", "profile_name": "meu_projeto", "target_name": "dev"} */
alter view "meu_banco"."main"."stg_vendas__dbt_tmp" rename to "stg_vendas"
15:46:08.133127 [debug]: Query executed on node model.meu_projeto.stg_tips:
/* {"app": "dbt", "dbt_version": "2.0.0", "node_id": "model.meu_projeto.stg_tips", "profile_name": "meu_projeto", "target_name": "dev"} */

  
  create view "meu_banco"."main"."stg_tips__dbt_tmp" as (
    select
    total_bill,
    tip,
    sex,
    day,
    total_bill + tip as valor_total
from read_csv_auto('C:/Users/tl100/OneDrive/Documents/Carreira dados/teste-volta/pandas/tips.csv')
  );

15:46:08.136127 [debug]: Query executed on node model.meu_projeto.stg_vendas:
/* {"app": "dbt", "dbt_version": "2.0.0", "node_id": "model.meu_projeto.stg_vendas", "profile_name": "meu_projeto", "target_name": "dev"} */

      drop view if exists "meu_banco"."main"."stg_vendas__dbt_backup" cascade
    
15:46:08.140172 [debug]: Query executed on node model.meu_projeto.stg_tips:
/* {"app": "dbt", "dbt_version": "2.0.0", "node_id": "model.meu_projeto.stg_tips", "profile_name": "meu_projeto", "target_name": "dev"} */
alter view "meu_banco"."main"."stg_tips" rename to "stg_tips__dbt_backup"
15:46:08.147185 [debug]: Query executed on node model.meu_projeto.stg_tips:
/* {"app": "dbt", "dbt_version": "2.0.0", "node_id": "model.meu_projeto.stg_tips", "profile_name": "meu_projeto", "target_name": "dev"} */
alter view "meu_banco"."main"."stg_tips__dbt_tmp" rename to "stg_tips"
15:46:08.156139 [debug]: Query executed on node model.meu_projeto.stg_tips:
/* {"app": "dbt", "dbt_version": "2.0.0", "node_id": "model.meu_projeto.stg_tips", "profile_name": "meu_projeto", "target_name": "dev"} */

      drop view if exists "meu_banco"."main"."stg_tips__dbt_backup" cascade
    
15:46:08.137265 [info ]: Finished running [  0.10s] model main.stg_vendas [success]
15:46:08.157806 [info ]:  Succeeded [  0.11s] model main.stg_vendas (view)
15:46:08.211123 [info ]: Started model main.fct_vendas
15:46:08.211160 [debug]: Started rendering model main.fct_vendas
15:46:08.211219 [info ]: Finished running [  0.17s] model main.stg_tips [success]
15:46:08.211588 [info ]:  Succeeded [  0.18s] model main.stg_tips (view)
15:46:08.213643 [info ]: Started model main.fct_resumo
15:46:08.213674 [debug]: Started rendering model main.fct_resumo
15:46:08.213722 [debug]: Compiled SQL for node model.meu_projeto.fct_vendas at target\compiled\meu_projeto\models\marts\fct_vendas.sql
15:46:08.213984 [debug]: Finished rendering [  0.00s] model main.fct_vendas [success]
15:46:08.216124 [debug]: Started analyzing model main.fct_vendas
15:46:08.218934 [debug]: Compiled SQL for node model.meu_projeto.fct_resumo at target\compiled\meu_projeto\models\marts\fct_resumo.sql
15:46:08.219372 [debug]: Finished rendering [  0.01s] model main.fct_resumo [success]
15:46:08.222264 [info ]: Finished rendering [  0.20s] (4 nodes, 0 skipped, 0 errors)
15:46:08.254678 [debug]: Started analyzing model main.fct_resumo
15:46:08.254906 [debug]: Finished analyzing [  0.04s] model main.fct_vendas [success]
15:46:08.255299 [info ]: Started running model main.fct_vendas
15:46:08.255967 [debug]: Finished analyzing [  0.00s] model main.fct_resumo [success]
15:46:08.256365 [info ]: Finished analyzing [  0.23s] (4 nodes, 0 skipped, 0 errors)
15:46:08.256915 [info ]: Started running model main.fct_resumo
15:46:08.265269 [debug]: Writing runtime sql for node "model.meu_projeto.fct_vendas"
15:46:08.268279 [debug]: Writing runtime sql for node "model.meu_projeto.fct_resumo"
15:46:08.280371 [debug]: Query executed on node model.meu_projeto.fct_vendas:
/* {"app": "dbt", "dbt_version": "2.0.0", "node_id": "model.meu_projeto.fct_vendas", "profile_name": "meu_projeto", "target_name": "dev"} */

  
  create view "meu_banco"."main"."fct_vendas__dbt_tmp" as (
    SELECT
    cliente,
    categoria,
    SUM(valor) AS total_vendas,
    AVG(valor) AS media_vendas,
    COUNT(*) AS quantidade_vendas,
    ROUND( valor * 100.0 / SUM(valor) OVER (PARTITION BY cliente), 2 ) as percentual_total
FROM "meu_banco"."main"."stg_vendas"
GROUP BY cliente, categoria
  );

15:46:08.287000 [debug]: Query executed on node model.meu_projeto.fct_resumo:
/* {"app": "dbt", "dbt_version": "2.0.0", "node_id": "model.meu_projeto.fct_resumo", "profile_name": "meu_projeto", "target_name": "dev"} */

  
  create view "meu_banco"."main"."fct_resumo__dbt_tmp" as (
    select
    day,
    sex,
    sum(valor_total) as total_vendas,
    avg(valor_total) as media_vendas,
    count(*) as quantidade
from "meu_banco"."main"."stg_tips"
group by 1,2
  );

15:46:08.294705 [debug]: Query executed on node model.meu_projeto.fct_resumo:
/* {"app": "dbt", "dbt_version": "2.0.0", "node_id": "model.meu_projeto.fct_resumo", "profile_name": "meu_projeto", "target_name": "dev"} */
alter view "meu_banco"."main"."fct_resumo" rename to "fct_resumo__dbt_backup"
15:46:08.302044 [debug]: Query executed on node model.meu_projeto.fct_resumo:
/* {"app": "dbt", "dbt_version": "2.0.0", "node_id": "model.meu_projeto.fct_resumo", "profile_name": "meu_projeto", "target_name": "dev"} */
alter view "meu_banco"."main"."fct_resumo__dbt_tmp" rename to "fct_resumo"
15:46:08.323128 [debug]: Query executed on node model.meu_projeto.fct_resumo:
/* {"app": "dbt", "dbt_version": "2.0.0", "node_id": "model.meu_projeto.fct_resumo", "profile_name": "meu_projeto", "target_name": "dev"} */

      drop view if exists "meu_banco"."main"."fct_resumo__dbt_backup" cascade
    
15:46:08.327062 [info ]: Finished running [  0.07s] model main.fct_resumo [success]
15:46:08.327426 [info ]:  Succeeded [  0.08s] model main.fct_resumo (view)
15:46:09.281358 [error]: [DbDriverFailed (dbt1308)]: Database Error in model fct_vendas (target\run\meu_projeto\models\marts\fct_vendas.sql)
  Binder Error: column "valor" must appear in the GROUP BY clause or must be part of an aggregate function.
  Either add it to the GROUP BY list, or use "ANY_VALUE(valor)" if the exact value of "valor" is not important.
  
  LINE 11:     ROUND( valor * 100.0 / SUM(valor) OVER (PARTITION BY cliente),...
                      ^
  (in run\meu_projeto\models/marts\fct_vendas.sql)
15:46:09.281883 [info ]: Finished running [  1.03s] model main.fct_vendas [error]
15:46:09.283344 [info ]: Finished running [  1.24s] (4 nodes, 0 skipped, 1 errors)
15:46:09.284822 [info ]:     Failed [  1.07s] model main.fct_vendas (view)
15:46:09.365155 [info ]: New version available 2.0.0-preview.210 (run `dbt system update`)
15:46:09.477399 [info ]: 
==================== Execution Summary =====================
Finished 'run' with 1 error for target 'dev' [2.0s]
Processed: 4 models
Summary: 4 total | 3 success | 1 error
==================== 2026-08-19T15:51:19.223694Z | 01a01ab8-45b2-72d3-8617-663d991b3054 ====================
15:51:19.224047 [info ]: dbt-fusion 2.0.0-preview.205
15:51:19.224768 [info ]: Started loading project
15:51:19.229516 [info ]: Loading ~/.dbt/profiles.yml
15:51:19.385723 [debug]:    Started loading packages
15:51:19.392595 [debug]:     Loaded [  0.01s] packages
15:51:19.394594 [info ]: Finished loading project [  0.17s]
15:51:19.397635 [info ]: Started parsing
15:51:19.491961 [debug]: Finished parsing models/staging/stg_tips.yml [  0.00s]
15:51:19.492314 [debug]: Finished parsing models/staging/stg_vendas.yml [  0.00s]
15:51:19.495438 [debug]: Finished parsing models/marts/fct_resumo.sql [  0.00s]
15:51:19.496334 [debug]: Finished parsing models/marts/fct_vendas.sql [  0.00s]
15:51:19.497294 [debug]: Finished parsing models/staging/stg_tips.sql [  0.00s]
15:51:19.498125 [debug]: Finished parsing models/staging/stg_vendas.sql [  0.00s]
15:51:19.524843 [debug]: Finished parsing target\generic_tests\not_null_stg_tips_day.sql [  0.00s]
15:51:19.526306 [debug]: Finished parsing target\generic_tests\not_null_stg_tips_sex.sql [  0.00s]
15:51:19.527706 [debug]: Finished parsing target\generic_tests\not_null_stg_tips_tip.sql [  0.00s]
15:51:19.529129 [debug]: Finished parsing target\generic_tests\not_null_stg_tips_total_bill.sql [  0.00s]
15:51:19.530415 [debug]: Finished parsing target\generic_tests\unique_stg_vendas_id.sql [  0.00s]
15:51:19.531671 [debug]: Finished parsing target\generic_tests\not_null_stg_vendas_id.sql [  0.00s]
15:51:19.915880 [info ]: Finished parsing [  0.52s]
15:51:19.917108 [info ]: Started scheduling
15:51:19.917407 [info ]: Finished scheduling [  0.00s]
15:51:19.930470 [debug]: No platform credentials found, skipping remote license
15:51:19.930896 [debug]: License check failed: Feature not licensed: 'lineage'
15:51:19.931383 [info ]: Started building task graph
15:51:19.931712 [info ]: Finished building task graph [  0.00s]
15:51:19.984185 [debug]: Query executed on node unknown:
/* {"app": "dbt", "connection_name": "", "dbt_version": "2.0.0", "profile_name": "meu_projeto", "target_name": "dev"} */

    
    select schema_name
    from system.information_schema.schemata
    
    where lower(catalog_name) = '"meu_banco"'
    
  
  
15:51:19.985792 [debug]: Query executed on node unknown:
/* {"app": "dbt", "connection_name": "", "dbt_version": "2.0.0", "profile_name": "meu_projeto", "target_name": "dev"} */

    
        select type from duckdb_databases()
        where lower(database_name)='meu_banco'
        and type='sqlite'
    
  
15:51:19.987231 [debug]: Query executed on node unknown:
/* {"app": "dbt", "connection_name": "", "dbt_version": "2.0.0", "profile_name": "meu_projeto", "target_name": "dev"} */

    
    
        create schema if not exists "meu_banco"."main"
    
15:51:19.987566 [info ]: Started rendering (4 nodes)
15:51:19.987794 [info ]: Started model main.stg_vendas
15:51:19.987821 [debug]: Started rendering model main.stg_vendas
15:51:19.987884 [info ]: Started model main.stg_tips
15:51:19.987921 [debug]: Started rendering model main.stg_tips
15:51:19.991453 [debug]: Compiled SQL for node model.meu_projeto.stg_tips at target\compiled\meu_projeto\models\staging\stg_tips.sql
15:51:19.991476 [debug]: Compiled SQL for node model.meu_projeto.stg_vendas at target\compiled\meu_projeto\models\staging\stg_vendas.sql
15:51:19.991688 [debug]: Finished rendering [  0.00s] model main.stg_tips [success]
15:51:19.993032 [info ]: Started analyzing (4 nodes)
15:51:19.993230 [debug]: Started analyzing model main.stg_tips
15:51:19.993290 [debug]: Finished rendering [  0.01s] model main.stg_vendas [success]
15:51:19.993652 [debug]: Started analyzing model main.stg_vendas
15:51:20.004889 [debug]: Finished analyzing [  0.01s] model main.stg_vendas [success]
15:51:20.006028 [info ]: Started running (4 nodes)
15:51:20.006276 [info ]: Started running model main.stg_vendas
15:51:20.006337 [debug]: Finished analyzing [  0.01s] model main.stg_tips [success]
15:51:20.007112 [info ]: Started running model main.stg_tips
15:51:20.019382 [debug]: Query executed on node model.meu_projeto.stg_tips:
SELECT table_catalog, table_schema, table_name, table_type FROM information_schema.tables WHERE table_schema = 'main' AND lower(table_catalog) = lower('meu_banco')
15:51:20.019382 [debug]: Query executed on node model.meu_projeto.stg_vendas:
SELECT table_catalog, table_schema, table_name, table_type FROM information_schema.tables WHERE table_schema = 'main' AND lower(table_catalog) = lower('meu_banco')
15:51:20.025641 [debug]: Writing runtime sql for node "model.meu_projeto.stg_vendas"
15:51:20.026515 [debug]: Writing runtime sql for node "model.meu_projeto.stg_tips"
15:51:20.056509 [debug]: Query executed on node model.meu_projeto.stg_vendas:
/* {"app": "dbt", "dbt_version": "2.0.0", "node_id": "model.meu_projeto.stg_vendas", "profile_name": "meu_projeto", "target_name": "dev"} */

  
  create view "meu_banco"."main"."stg_vendas__dbt_tmp" as (
    SELECT
    id,
    cliente,
    categoria,
    valor,
    data_venda
from read_csv_auto('C:\Users\tl100\OneDrive\Documents\Carreira dados\teste-volta\dbt\models\data\stg_vendas.csv')
  );

15:51:20.063655 [debug]: Query executed on node model.meu_projeto.stg_vendas:
/* {"app": "dbt", "dbt_version": "2.0.0", "node_id": "model.meu_projeto.stg_vendas", "profile_name": "meu_projeto", "target_name": "dev"} */
alter view "meu_banco"."main"."stg_vendas" rename to "stg_vendas__dbt_backup"
15:51:20.069633 [debug]: Query executed on node model.meu_projeto.stg_vendas:
/* {"app": "dbt", "dbt_version": "2.0.0", "node_id": "model.meu_projeto.stg_vendas", "profile_name": "meu_projeto", "target_name": "dev"} */
alter view "meu_banco"."main"."stg_vendas__dbt_tmp" rename to "stg_vendas"
15:51:20.082410 [debug]: Query executed on node model.meu_projeto.stg_vendas:
/* {"app": "dbt", "dbt_version": "2.0.0", "node_id": "model.meu_projeto.stg_vendas", "profile_name": "meu_projeto", "target_name": "dev"} */

      drop view if exists "meu_banco"."main"."stg_vendas__dbt_backup" cascade
    
15:51:20.084514 [info ]: Finished running [  0.08s] model main.stg_vendas [success]
15:51:20.084955 [info ]:  Succeeded [  0.09s] model main.stg_vendas (view)
15:51:20.085615 [info ]: Started model main.fct_vendas
15:51:20.085649 [debug]: Started rendering model main.fct_vendas
15:51:20.086216 [debug]: Query executed on node model.meu_projeto.stg_tips:
/* {"app": "dbt", "dbt_version": "2.0.0", "node_id": "model.meu_projeto.stg_tips", "profile_name": "meu_projeto", "target_name": "dev"} */

  
  create view "meu_banco"."main"."stg_tips__dbt_tmp" as (
    select
    total_bill,
    tip,
    sex,
    day,
    total_bill + tip as valor_total
from read_csv_auto('C:/Users/tl100/OneDrive/Documents/Carreira dados/teste-volta/pandas/tips.csv')
  );

15:51:20.088222 [debug]: Compiled SQL for node model.meu_projeto.fct_vendas at target\compiled\meu_projeto\models\marts\fct_vendas.sql
15:51:20.090987 [debug]: Finished rendering [  0.01s] model main.fct_vendas [success]
15:51:20.093309 [debug]: Started analyzing model main.fct_vendas
15:51:20.096836 [debug]: Query executed on node model.meu_projeto.stg_tips:
/* {"app": "dbt", "dbt_version": "2.0.0", "node_id": "model.meu_projeto.stg_tips", "profile_name": "meu_projeto", "target_name": "dev"} */
alter view "meu_banco"."main"."stg_tips" rename to "stg_tips__dbt_backup"
15:51:20.103745 [debug]: Query executed on node model.meu_projeto.stg_tips:
/* {"app": "dbt", "dbt_version": "2.0.0", "node_id": "model.meu_projeto.stg_tips", "profile_name": "meu_projeto", "target_name": "dev"} */
alter view "meu_banco"."main"."stg_tips__dbt_tmp" rename to "stg_tips"
15:51:20.111972 [debug]: Finished analyzing [  0.02s] model main.fct_vendas [success]
15:51:20.112531 [info ]: Started running model main.fct_vendas
15:51:20.113723 [debug]: Query executed on node model.meu_projeto.stg_tips:
/* {"app": "dbt", "dbt_version": "2.0.0", "node_id": "model.meu_projeto.stg_tips", "profile_name": "meu_projeto", "target_name": "dev"} */

      drop view if exists "meu_banco"."main"."stg_tips__dbt_backup" cascade
    
15:51:20.115290 [info ]: Finished running [  0.11s] model main.stg_tips [success]
15:51:20.115828 [info ]:  Succeeded [  0.12s] model main.stg_tips (view)
15:51:20.117263 [info ]: Started model main.fct_resumo
15:51:20.117326 [debug]: Started rendering model main.fct_resumo
15:51:20.119904 [debug]: Compiled SQL for node model.meu_projeto.fct_resumo at target\compiled\meu_projeto\models\marts\fct_resumo.sql
15:51:20.120707 [debug]: Writing runtime sql for node "model.meu_projeto.fct_vendas"
15:51:20.120368 [debug]: Finished rendering [  0.00s] model main.fct_resumo [success]
15:51:20.127912 [info ]: Finished rendering [  0.14s] (4 nodes, 0 skipped, 0 errors)
15:51:20.128792 [debug]: Started analyzing model main.fct_resumo
15:51:20.130078 [debug]: Finished analyzing [  0.00s] model main.fct_resumo [success]
15:51:20.130610 [info ]: Finished analyzing [  0.14s] (4 nodes, 0 skipped, 0 errors)
15:51:20.131332 [info ]: Started running model main.fct_resumo
15:51:20.135870 [debug]: Query executed on node model.meu_projeto.fct_vendas:
/* {"app": "dbt", "dbt_version": "2.0.0", "node_id": "model.meu_projeto.fct_vendas", "profile_name": "meu_projeto", "target_name": "dev"} */

  
  create view "meu_banco"."main"."fct_vendas__dbt_tmp" as (
    SELECT
    cliente,
    categoria,
    SUM(valor) AS total_vendas,
    AVG(valor) AS media_vendas,
    COUNT(*) AS quantidade_vendas,
    ROUND( SUM(valor) OVER (PARTITION BY cliente) * 100.0 / sum(valor), 2 )as percentual_total
FROM "meu_banco"."main"."stg_vendas"
GROUP BY cliente, categoria
  );

15:51:20.140054 [debug]: Writing runtime sql for node "model.meu_projeto.fct_resumo"
15:51:20.160505 [debug]: Query executed on node model.meu_projeto.fct_resumo:
/* {"app": "dbt", "dbt_version": "2.0.0", "node_id": "model.meu_projeto.fct_resumo", "profile_name": "meu_projeto", "target_name": "dev"} */

  
  create view "meu_banco"."main"."fct_resumo__dbt_tmp" as (
    select
    day,
    sex,
    sum(valor_total) as total_vendas,
    avg(valor_total) as media_vendas,
    count(*) as quantidade
from "meu_banco"."main"."stg_tips"
group by 1,2
  );

15:51:20.167936 [debug]: Query executed on node model.meu_projeto.fct_resumo:
/* {"app": "dbt", "dbt_version": "2.0.0", "node_id": "model.meu_projeto.fct_resumo", "profile_name": "meu_projeto", "target_name": "dev"} */
alter view "meu_banco"."main"."fct_resumo" rename to "fct_resumo__dbt_backup"
15:51:20.177419 [debug]: Query executed on node model.meu_projeto.fct_resumo:
/* {"app": "dbt", "dbt_version": "2.0.0", "node_id": "model.meu_projeto.fct_resumo", "profile_name": "meu_projeto", "target_name": "dev"} */
alter view "meu_banco"."main"."fct_resumo__dbt_tmp" rename to "fct_resumo"
15:51:20.185425 [debug]: Query executed on node model.meu_projeto.fct_resumo:
/* {"app": "dbt", "dbt_version": "2.0.0", "node_id": "model.meu_projeto.fct_resumo", "profile_name": "meu_projeto", "target_name": "dev"} */

      drop view if exists "meu_banco"."main"."fct_resumo__dbt_backup" cascade
    
15:51:20.187194 [info ]: Finished running [  0.06s] model main.fct_resumo [success]
15:51:20.188041 [info ]:  Succeeded [  0.06s] model main.fct_resumo (view)
15:51:21.165078 [error]: [DbDriverFailed (dbt1308)]: Database Error in model fct_vendas (target\run\meu_projeto\models\marts\fct_vendas.sql)
  Binder Error: column "valor" must appear in the GROUP BY clause or must be part of an aggregate function.
  Either add it to the GROUP BY list, or use "ANY_VALUE(valor)" if the exact value of "valor" is not important.
  
  LINE 11:     ROUND( SUM(valor) OVER (PARTITION BY cliente) * 100.0 / sum(valor)...
                          ^
  (in run\meu_projeto\models/marts\fct_vendas.sql)
15:51:21.165293 [info ]: Finished running [  1.05s] model main.fct_vendas [error]
15:51:21.174441 [info ]: Finished running [  1.17s] (4 nodes, 0 skipped, 1 errors)
15:51:21.246907 [info ]:     Failed [  1.07s] model main.fct_vendas (view)
15:51:21.344350 [info ]: New version available 2.0.0-preview.210 (run `dbt system update`)
15:51:21.455257 [info ]: 
==================== Execution Summary =====================
Finished 'run' with 1 error for target 'dev' [2.2s]
Processed: 4 models
Summary: 4 total | 3 success | 1 error
==================== 2026-08-19T15:51:52.773203Z | 01a01ab8-c8c1-75d2-a02e-38cbe8f6055e ====================
15:51:52.773467 [info ]: dbt-fusion 2.0.0-preview.205
15:51:52.774124 [info ]: Started loading project
15:51:52.778198 [info ]: Loading ~/.dbt/profiles.yml
15:51:52.794157 [debug]:    Started loading packages
15:51:52.801631 [debug]:     Loaded [  0.01s] packages
15:51:52.803820 [info ]: Finished loading project [  0.03s]
15:51:52.805514 [info ]: Started parsing
15:51:52.870201 [debug]: Finished parsing models/staging/stg_tips.yml [  0.00s]
15:51:52.870509 [debug]: Finished parsing models/staging/stg_vendas.yml [  0.00s]
15:51:52.873011 [debug]: Finished parsing models/marts/fct_resumo.sql [  0.00s]
15:51:52.873842 [debug]: Finished parsing models/marts/fct_vendas.sql [  0.00s]
15:51:52.874956 [debug]: Finished parsing models/staging/stg_tips.sql [  0.00s]
15:51:52.875615 [debug]: Finished parsing models/staging/stg_vendas.sql [  0.00s]
15:51:52.893699 [debug]: Finished parsing target\generic_tests\not_null_stg_tips_day.sql [  0.00s]
15:51:52.894898 [debug]: Finished parsing target\generic_tests\not_null_stg_tips_sex.sql [  0.00s]
15:51:52.895862 [debug]: Finished parsing target\generic_tests\not_null_stg_tips_tip.sql [  0.00s]
15:51:52.896826 [debug]: Finished parsing target\generic_tests\not_null_stg_tips_total_bill.sql [  0.00s]
15:51:52.898015 [debug]: Finished parsing target\generic_tests\unique_stg_vendas_id.sql [  0.00s]
15:51:52.899331 [debug]: Finished parsing target\generic_tests\not_null_stg_vendas_id.sql [  0.00s]
15:51:53.274921 [info ]: Finished parsing [  0.47s]
15:51:53.276120 [info ]: Started scheduling
15:51:53.276429 [info ]: Finished scheduling [  0.00s]
15:51:53.295635 [debug]: No platform credentials found, skipping remote license
15:51:53.296008 [debug]: License check failed: Feature not licensed: 'lineage'
15:51:53.296630 [info ]: Started building task graph
15:51:53.296946 [info ]: Finished building task graph [  0.00s]
15:51:53.347399 [debug]: Query executed on node unknown:
/* {"app": "dbt", "connection_name": "", "dbt_version": "2.0.0", "profile_name": "meu_projeto", "target_name": "dev"} */

    
    select schema_name
    from system.information_schema.schemata
    
    where lower(catalog_name) = '"meu_banco"'
    
  
  
15:51:53.350456 [debug]: Query executed on node unknown:
/* {"app": "dbt", "connection_name": "", "dbt_version": "2.0.0", "profile_name": "meu_projeto", "target_name": "dev"} */

    
        select type from duckdb_databases()
        where lower(database_name)='meu_banco'
        and type='sqlite'
    
  
15:51:53.351331 [debug]: Query executed on node unknown:
/* {"app": "dbt", "connection_name": "", "dbt_version": "2.0.0", "profile_name": "meu_projeto", "target_name": "dev"} */

    
    
        create schema if not exists "meu_banco"."main"
    
15:51:53.351565 [info ]: Started rendering (4 nodes)
15:51:53.351789 [info ]: Started model main.stg_vendas
15:51:53.351817 [debug]: Started rendering model main.stg_vendas
15:51:53.351866 [info ]: Started model main.stg_tips
15:51:53.351896 [debug]: Started rendering model main.stg_tips
15:51:53.354279 [debug]: Compiled SQL for node model.meu_projeto.stg_vendas at target\compiled\meu_projeto\models\staging\stg_vendas.sql
15:51:53.354294 [debug]: Compiled SQL for node model.meu_projeto.stg_tips at target\compiled\meu_projeto\models\staging\stg_tips.sql
15:51:53.354490 [debug]: Finished rendering [  0.00s] model main.stg_vendas [success]
15:51:53.356389 [info ]: Started analyzing (4 nodes)
15:51:53.356638 [debug]: Started analyzing model main.stg_vendas
15:51:53.356698 [debug]: Finished rendering [  0.00s] model main.stg_tips [success]
15:51:53.356984 [debug]: Started analyzing model main.stg_tips
15:51:53.368481 [debug]: Finished analyzing [  0.01s] model main.stg_vendas [success]
15:51:53.369463 [info ]: Started running (4 nodes)
15:51:53.369691 [info ]: Started running model main.stg_vendas
15:51:53.369740 [debug]: Finished analyzing [  0.01s] model main.stg_tips [success]
15:51:53.370191 [info ]: Started running model main.stg_tips
15:51:53.383408 [debug]: Query executed on node model.meu_projeto.stg_vendas:
SELECT table_catalog, table_schema, table_name, table_type FROM information_schema.tables WHERE table_schema = 'main' AND lower(table_catalog) = lower('meu_banco')
15:51:53.383485 [debug]: Query executed on node model.meu_projeto.stg_tips:
SELECT table_catalog, table_schema, table_name, table_type FROM information_schema.tables WHERE table_schema = 'main' AND lower(table_catalog) = lower('meu_banco')
15:51:53.390412 [debug]: Writing runtime sql for node "model.meu_projeto.stg_vendas"
15:51:53.391728 [debug]: Writing runtime sql for node "model.meu_projeto.stg_tips"
15:51:53.414074 [debug]: Query executed on node model.meu_projeto.stg_vendas:
/* {"app": "dbt", "dbt_version": "2.0.0", "node_id": "model.meu_projeto.stg_vendas", "profile_name": "meu_projeto", "target_name": "dev"} */

  
  create view "meu_banco"."main"."stg_vendas__dbt_tmp" as (
    SELECT
    id,
    cliente,
    categoria,
    valor,
    data_venda
from read_csv_auto('C:\Users\tl100\OneDrive\Documents\Carreira dados\teste-volta\dbt\models\data\stg_vendas.csv')
  );

15:51:53.420997 [debug]: Query executed on node model.meu_projeto.stg_vendas:
/* {"app": "dbt", "dbt_version": "2.0.0", "node_id": "model.meu_projeto.stg_vendas", "profile_name": "meu_projeto", "target_name": "dev"} */
alter view "meu_banco"."main"."stg_vendas" rename to "stg_vendas__dbt_backup"
15:51:53.428193 [debug]: Query executed on node model.meu_projeto.stg_vendas:
/* {"app": "dbt", "dbt_version": "2.0.0", "node_id": "model.meu_projeto.stg_vendas", "profile_name": "meu_projeto", "target_name": "dev"} */
alter view "meu_banco"."main"."stg_vendas__dbt_tmp" rename to "stg_vendas"
15:51:53.431697 [debug]: Query executed on node model.meu_projeto.stg_tips:
/* {"app": "dbt", "dbt_version": "2.0.0", "node_id": "model.meu_projeto.stg_tips", "profile_name": "meu_projeto", "target_name": "dev"} */

  
  create view "meu_banco"."main"."stg_tips__dbt_tmp" as (
    select
    total_bill,
    tip,
    sex,
    day,
    total_bill + tip as valor_total
from read_csv_auto('C:/Users/tl100/OneDrive/Documents/Carreira dados/teste-volta/pandas/tips.csv')
  );

15:51:53.435806 [debug]: Query executed on node model.meu_projeto.stg_vendas:
/* {"app": "dbt", "dbt_version": "2.0.0", "node_id": "model.meu_projeto.stg_vendas", "profile_name": "meu_projeto", "target_name": "dev"} */

      drop view if exists "meu_banco"."main"."stg_vendas__dbt_backup" cascade
    
15:51:53.436764 [info ]: Finished running [  0.07s] model main.stg_vendas [success]
15:51:53.438001 [debug]: Query executed on node model.meu_projeto.stg_tips:
/* {"app": "dbt", "dbt_version": "2.0.0", "node_id": "model.meu_projeto.stg_tips", "profile_name": "meu_projeto", "target_name": "dev"} */
alter view "meu_banco"."main"."stg_tips" rename to "stg_tips__dbt_backup"
15:51:53.437697 [info ]:  Succeeded [  0.08s] model main.stg_vendas (view)
15:51:53.439911 [info ]: Started model main.fct_vendas
15:51:53.439955 [debug]: Started rendering model main.fct_vendas
15:51:53.442708 [debug]: Compiled SQL for node model.meu_projeto.fct_vendas at target\compiled\meu_projeto\models\marts\fct_vendas.sql
15:51:53.443149 [debug]: Finished rendering [  0.00s] model main.fct_vendas [success]
15:51:53.444849 [debug]: Started analyzing model main.fct_vendas
15:51:53.447209 [debug]: Query executed on node model.meu_projeto.stg_tips:
/* {"app": "dbt", "dbt_version": "2.0.0", "node_id": "model.meu_projeto.stg_tips", "profile_name": "meu_projeto", "target_name": "dev"} */
alter view "meu_banco"."main"."stg_tips__dbt_tmp" rename to "stg_tips"
15:51:53.457089 [debug]: Query executed on node model.meu_projeto.stg_tips:
/* {"app": "dbt", "dbt_version": "2.0.0", "node_id": "model.meu_projeto.stg_tips", "profile_name": "meu_projeto", "target_name": "dev"} */

      drop view if exists "meu_banco"."main"."stg_tips__dbt_backup" cascade
    
15:51:53.458407 [info ]: Finished running [  0.09s] model main.stg_tips [success]
15:51:53.460812 [info ]:  Succeeded [  0.10s] model main.stg_tips (view)
15:51:53.461460 [info ]: Started model main.fct_resumo
15:51:53.461493 [debug]: Started rendering model main.fct_resumo
15:51:53.464185 [debug]: Compiled SQL for node model.meu_projeto.fct_resumo at target\compiled\meu_projeto\models\marts\fct_resumo.sql
15:51:53.464456 [debug]: Finished rendering [  0.00s] model main.fct_resumo [success]
15:51:53.465046 [info ]: Finished rendering [  0.11s] (4 nodes, 0 skipped, 0 errors)
15:51:53.469018 [debug]: Started analyzing model main.fct_resumo
15:51:53.469165 [debug]: Finished analyzing [  0.02s] model main.fct_vendas [success]
15:51:53.469661 [info ]: Started running model main.fct_vendas
15:51:53.470058 [debug]: Finished analyzing [  0.00s] model main.fct_resumo [success]
15:51:53.470568 [info ]: Finished analyzing [  0.11s] (4 nodes, 0 skipped, 0 errors)
15:51:53.471119 [info ]: Started running model main.fct_resumo
15:51:53.476695 [debug]: Writing runtime sql for node "model.meu_projeto.fct_resumo"
15:51:53.476803 [debug]: Writing runtime sql for node "model.meu_projeto.fct_vendas"
15:51:53.493964 [debug]: Query executed on node model.meu_projeto.fct_vendas:
/* {"app": "dbt", "dbt_version": "2.0.0", "node_id": "model.meu_projeto.fct_vendas", "profile_name": "meu_projeto", "target_name": "dev"} */

  
  create view "meu_banco"."main"."fct_vendas__dbt_tmp" as (
    SELECT
    cliente,
    categoria,
    SUM(valor) over () AS total_vendas,
    AVG(valor) over () AS media_vendas,
    COUNT(*) AS quantidade_vendas,
    ROUND( SUM(valor) OVER (PARTITION BY cliente) * 100.0 / sum(valor) over(), 2 )as percentual_total
FROM "meu_banco"."main"."stg_vendas"
GROUP BY cliente, categoria
  );

15:51:53.509521 [debug]: Query executed on node model.meu_projeto.fct_resumo:
/* {"app": "dbt", "dbt_version": "2.0.0", "node_id": "model.meu_projeto.fct_resumo", "profile_name": "meu_projeto", "target_name": "dev"} */

  
  create view "meu_banco"."main"."fct_resumo__dbt_tmp" as (
    select
    day,
    sex,
    sum(valor_total) as total_vendas,
    avg(valor_total) as media_vendas,
    count(*) as quantidade
from "meu_banco"."main"."stg_tips"
group by 1,2
  );

15:51:53.515973 [debug]: Query executed on node model.meu_projeto.fct_resumo:
/* {"app": "dbt", "dbt_version": "2.0.0", "node_id": "model.meu_projeto.fct_resumo", "profile_name": "meu_projeto", "target_name": "dev"} */
alter view "meu_banco"."main"."fct_resumo" rename to "fct_resumo__dbt_backup"
15:51:53.522865 [debug]: Query executed on node model.meu_projeto.fct_resumo:
/* {"app": "dbt", "dbt_version": "2.0.0", "node_id": "model.meu_projeto.fct_resumo", "profile_name": "meu_projeto", "target_name": "dev"} */
alter view "meu_banco"."main"."fct_resumo__dbt_tmp" rename to "fct_resumo"
15:51:53.528248 [debug]: Query executed on node model.meu_projeto.fct_resumo:
/* {"app": "dbt", "dbt_version": "2.0.0", "node_id": "model.meu_projeto.fct_resumo", "profile_name": "meu_projeto", "target_name": "dev"} */

      drop view if exists "meu_banco"."main"."fct_resumo__dbt_backup" cascade
    
15:51:53.529081 [info ]: Finished running [  0.06s] model main.fct_resumo [success]
15:51:53.529436 [info ]:  Succeeded [  0.06s] model main.fct_resumo (view)
15:51:54.494614 [error]: [DbDriverFailed (dbt1308)]: Database Error in model fct_vendas (target\run\meu_projeto\models\marts\fct_vendas.sql)
  Binder Error: column "valor" must appear in the GROUP BY clause or must be part of an aggregate function.
  Either add it to the GROUP BY list, or use "ANY_VALUE(valor)" if the exact value of "valor" is not important.
  
  LINE 8:     SUM(valor) over () AS total_vendas,
                  ^
  (in run\meu_projeto\models/marts\fct_vendas.sql)
15:51:54.494765 [info ]: Finished running [  1.03s] model main.fct_vendas [error]
15:51:54.495839 [info ]: Finished running [  1.13s] (4 nodes, 0 skipped, 1 errors)
15:51:54.496542 [info ]:     Failed [  1.05s] model main.fct_vendas (view)
15:51:54.558727 [info ]: New version available 2.0.0-preview.210 (run `dbt system update`)
15:51:54.669657 [info ]: 
==================== Execution Summary =====================
Finished 'run' with 1 error for target 'dev' [1.9s]
Processed: 4 models
Summary: 4 total | 3 success | 1 error
==================== 2026-08-19T15:53:23.625000Z | 01a01aba-2ba4-79a1-af88-a344bbe1e407 ====================
15:53:23.625320 [info ]: dbt-fusion 2.0.0-preview.205
15:53:23.626004 [info ]: Started loading project
15:53:23.630242 [info ]: Loading ~/.dbt/profiles.yml
15:53:23.642906 [debug]:    Started loading packages
15:53:23.647646 [debug]:     Loaded [  0.00s] packages
15:53:23.649051 [info ]: Finished loading project [  0.02s]
15:53:23.650201 [info ]: Started parsing
15:53:23.713441 [debug]: Finished parsing models/staging/stg_tips.yml [  0.00s]
15:53:23.713769 [debug]: Finished parsing models/staging/stg_vendas.yml [  0.00s]
15:53:23.716530 [debug]: Finished parsing models/marts/fct_resumo.sql [  0.00s]
15:53:23.717420 [debug]: Finished parsing models/marts/fct_vendas.sql [  0.00s]
15:53:23.718316 [debug]: Finished parsing models/staging/stg_tips.sql [  0.00s]
15:53:23.718936 [debug]: Finished parsing models/staging/stg_vendas.sql [  0.00s]
15:53:23.731891 [debug]: Finished parsing target\generic_tests\not_null_stg_tips_day.sql [  0.00s]
15:53:23.733219 [debug]: Finished parsing target\generic_tests\not_null_stg_tips_sex.sql [  0.00s]
15:53:23.734304 [debug]: Finished parsing target\generic_tests\not_null_stg_tips_tip.sql [  0.00s]
15:53:23.735216 [debug]: Finished parsing target\generic_tests\not_null_stg_tips_total_bill.sql [  0.00s]
15:53:23.735999 [debug]: Finished parsing target\generic_tests\unique_stg_vendas_id.sql [  0.00s]
15:53:23.740103 [debug]: Finished parsing target\generic_tests\not_null_stg_vendas_id.sql [  0.00s]
15:53:24.117617 [info ]: Finished parsing [  0.47s]
15:53:24.118759 [info ]: Started scheduling
15:53:24.119103 [info ]: Finished scheduling [  0.00s]
15:53:24.131786 [debug]: No platform credentials found, skipping remote license
15:53:24.132071 [debug]: License check failed: Feature not licensed: 'lineage'
15:53:24.132499 [info ]: Started building task graph
15:53:24.132813 [info ]: Finished building task graph [  0.00s]
15:53:24.189952 [debug]: Query executed on node unknown:
/* {"app": "dbt", "connection_name": "", "dbt_version": "2.0.0", "profile_name": "meu_projeto", "target_name": "dev"} */

    
    select schema_name
    from system.information_schema.schemata
    
    where lower(catalog_name) = '"meu_banco"'
    
  
  
15:53:24.191546 [debug]: Query executed on node unknown:
/* {"app": "dbt", "connection_name": "", "dbt_version": "2.0.0", "profile_name": "meu_projeto", "target_name": "dev"} */

    
        select type from duckdb_databases()
        where lower(database_name)='meu_banco'
        and type='sqlite'
    
  
15:53:24.192323 [debug]: Query executed on node unknown:
/* {"app": "dbt", "connection_name": "", "dbt_version": "2.0.0", "profile_name": "meu_projeto", "target_name": "dev"} */

    
    
        create schema if not exists "meu_banco"."main"
    
15:53:24.192522 [info ]: Started rendering (4 nodes)
15:53:24.192713 [info ]: Started model main.stg_vendas
15:53:24.192730 [debug]: Started rendering model main.stg_vendas
15:53:24.192769 [info ]: Started model main.stg_tips
15:53:24.192804 [debug]: Started rendering model main.stg_tips
15:53:24.194817 [debug]: Compiled SQL for node model.meu_projeto.stg_tips at target\compiled\meu_projeto\models\staging\stg_tips.sql
15:53:24.195380 [debug]: Compiled SQL for node model.meu_projeto.stg_vendas at target\compiled\meu_projeto\models\staging\stg_vendas.sql
15:53:24.195392 [debug]: Finished rendering [  0.00s] model main.stg_tips [success]
15:53:24.196637 [info ]: Started analyzing (4 nodes)
15:53:24.196842 [debug]: Started analyzing model main.stg_tips
15:53:24.196901 [debug]: Finished rendering [  0.00s] model main.stg_vendas [success]
15:53:24.197518 [debug]: Started analyzing model main.stg_vendas
15:53:24.206739 [debug]: Finished analyzing [  0.01s] model main.stg_vendas [success]
15:53:24.207115 [info ]: Started running (4 nodes)
15:53:24.207269 [info ]: Started running model main.stg_vendas
15:53:24.207902 [debug]: Finished analyzing [  0.01s] model main.stg_tips [success]
15:53:24.208582 [info ]: Started running model main.stg_tips
15:53:24.219210 [debug]: Query executed on node model.meu_projeto.stg_vendas:
SELECT table_catalog, table_schema, table_name, table_type FROM information_schema.tables WHERE table_schema = 'main' AND lower(table_catalog) = lower('meu_banco')
15:53:24.219210 [debug]: Query executed on node model.meu_projeto.stg_tips:
SELECT table_catalog, table_schema, table_name, table_type FROM information_schema.tables WHERE table_schema = 'main' AND lower(table_catalog) = lower('meu_banco')
15:53:24.225344 [debug]: Writing runtime sql for node "model.meu_projeto.stg_tips"
15:53:24.225400 [debug]: Writing runtime sql for node "model.meu_projeto.stg_vendas"
15:53:24.248918 [debug]: Query executed on node model.meu_projeto.stg_vendas:
/* {"app": "dbt", "dbt_version": "2.0.0", "node_id": "model.meu_projeto.stg_vendas", "profile_name": "meu_projeto", "target_name": "dev"} */

  
  create view "meu_banco"."main"."stg_vendas__dbt_tmp" as (
    SELECT
    id,
    cliente,
    categoria,
    valor,
    data_venda
from read_csv_auto('C:\Users\tl100\OneDrive\Documents\Carreira dados\teste-volta\dbt\models\data\stg_vendas.csv')
  );

15:53:24.257906 [debug]: Query executed on node model.meu_projeto.stg_vendas:
/* {"app": "dbt", "dbt_version": "2.0.0", "node_id": "model.meu_projeto.stg_vendas", "profile_name": "meu_projeto", "target_name": "dev"} */
alter view "meu_banco"."main"."stg_vendas" rename to "stg_vendas__dbt_backup"
15:53:24.264208 [debug]: Query executed on node model.meu_projeto.stg_vendas:
/* {"app": "dbt", "dbt_version": "2.0.0", "node_id": "model.meu_projeto.stg_vendas", "profile_name": "meu_projeto", "target_name": "dev"} */
alter view "meu_banco"."main"."stg_vendas__dbt_tmp" rename to "stg_vendas"
15:53:24.265800 [debug]: Query executed on node model.meu_projeto.stg_tips:
/* {"app": "dbt", "dbt_version": "2.0.0", "node_id": "model.meu_projeto.stg_tips", "profile_name": "meu_projeto", "target_name": "dev"} */

  
  create view "meu_banco"."main"."stg_tips__dbt_tmp" as (
    select
    total_bill,
    tip,
    sex,
    day,
    total_bill + tip as valor_total
from read_csv_auto('C:/Users/tl100/OneDrive/Documents/Carreira dados/teste-volta/pandas/tips.csv')
  );

15:53:24.270370 [debug]: Query executed on node model.meu_projeto.stg_vendas:
/* {"app": "dbt", "dbt_version": "2.0.0", "node_id": "model.meu_projeto.stg_vendas", "profile_name": "meu_projeto", "target_name": "dev"} */

      drop view if exists "meu_banco"."main"."stg_vendas__dbt_backup" cascade
    
15:53:24.271750 [info ]: Finished running [  0.06s] model main.stg_vendas [success]
15:53:24.272328 [debug]: Query executed on node model.meu_projeto.stg_tips:
/* {"app": "dbt", "dbt_version": "2.0.0", "node_id": "model.meu_projeto.stg_tips", "profile_name": "meu_projeto", "target_name": "dev"} */
alter view "meu_banco"."main"."stg_tips" rename to "stg_tips__dbt_backup"
15:53:24.272204 [info ]:  Succeeded [  0.08s] model main.stg_vendas (view)
15:53:24.272841 [info ]: Started model main.fct_vendas
15:53:24.272875 [debug]: Started rendering model main.fct_vendas
15:53:24.275527 [debug]: Compiled SQL for node model.meu_projeto.fct_vendas at target\compiled\meu_projeto\models\marts\fct_vendas.sql
15:53:24.275743 [debug]: Finished rendering [  0.00s] model main.fct_vendas [success]
15:53:24.276643 [debug]: Started analyzing model main.fct_vendas
15:53:24.280084 [debug]: Query executed on node model.meu_projeto.stg_tips:
/* {"app": "dbt", "dbt_version": "2.0.0", "node_id": "model.meu_projeto.stg_tips", "profile_name": "meu_projeto", "target_name": "dev"} */
alter view "meu_banco"."main"."stg_tips__dbt_tmp" rename to "stg_tips"
15:53:24.290474 [debug]: Query executed on node model.meu_projeto.stg_tips:
/* {"app": "dbt", "dbt_version": "2.0.0", "node_id": "model.meu_projeto.stg_tips", "profile_name": "meu_projeto", "target_name": "dev"} */

      drop view if exists "meu_banco"."main"."stg_tips__dbt_backup" cascade
    
15:53:24.291907 [info ]: Finished running [  0.08s] model main.stg_tips [success]
15:53:24.292501 [info ]:  Succeeded [  0.10s] model main.stg_tips (view)
15:53:24.293327 [info ]: Started model main.fct_resumo
15:53:24.293360 [debug]: Started rendering model main.fct_resumo
15:53:24.295900 [debug]: Compiled SQL for node model.meu_projeto.fct_resumo at target\compiled\meu_projeto\models\marts\fct_resumo.sql
15:53:24.296371 [debug]: Finished rendering [  0.00s] model main.fct_resumo [success]
15:53:24.297086 [info ]: Finished rendering [  0.10s] (4 nodes, 0 skipped, 0 errors)
15:53:24.297919 [debug]: Started analyzing model main.fct_resumo
15:53:24.298010 [debug]: Finished analyzing [  0.02s] model main.fct_vendas [success]
15:53:24.298492 [info ]: Started running model main.fct_vendas
15:53:24.299087 [debug]: Finished analyzing [  0.00s] model main.fct_resumo [success]
15:53:24.299801 [info ]: Finished analyzing [  0.10s] (4 nodes, 0 skipped, 0 errors)
15:53:24.301372 [info ]: Started running model main.fct_resumo
15:53:24.306952 [debug]: Writing runtime sql for node "model.meu_projeto.fct_vendas"
15:53:24.308709 [debug]: Writing runtime sql for node "model.meu_projeto.fct_resumo"
15:53:24.328274 [debug]: Query executed on node model.meu_projeto.fct_vendas:
/* {"app": "dbt", "dbt_version": "2.0.0", "node_id": "model.meu_projeto.fct_vendas", "profile_name": "meu_projeto", "target_name": "dev"} */

  
  create view "meu_banco"."main"."fct_vendas__dbt_tmp" as (
    SELECT
    cliente,
    categoria,
    SUM(valor) over () AS total_vendas,
    AVG(valor) over () AS media_vendas,
    COUNT(*) AS quantidade_vendas,
    ROUND( SUM(valor) OVER (PARTITION BY cliente) * 100.0 / sum(valor) over(), 2 )as percentual_total
FROM "meu_banco"."main"."stg_vendas"
GROUP BY cliente, categoria, valor
  );

15:53:24.338420 [debug]: Query executed on node model.meu_projeto.fct_vendas:
/* {"app": "dbt", "dbt_version": "2.0.0", "node_id": "model.meu_projeto.fct_vendas", "profile_name": "meu_projeto", "target_name": "dev"} */
alter view "meu_banco"."main"."fct_vendas__dbt_tmp" rename to "fct_vendas"
15:53:24.343404 [debug]: Query executed on node model.meu_projeto.fct_vendas:
/* {"app": "dbt", "dbt_version": "2.0.0", "node_id": "model.meu_projeto.fct_vendas", "profile_name": "meu_projeto", "target_name": "dev"} */

      drop view if exists "meu_banco"."main"."fct_vendas__dbt_backup" cascade
    
15:53:24.344383 [info ]: Finished running [  0.05s] model main.fct_vendas [success]
15:53:24.344770 [info ]:  Succeeded [  0.07s] model main.fct_vendas (view)
15:53:24.349360 [debug]: Query executed on node model.meu_projeto.fct_resumo:
/* {"app": "dbt", "dbt_version": "2.0.0", "node_id": "model.meu_projeto.fct_resumo", "profile_name": "meu_projeto", "target_name": "dev"} */

  
  create view "meu_banco"."main"."fct_resumo__dbt_tmp" as (
    select
    day,
    sex,
    sum(valor_total) as total_vendas,
    avg(valor_total) as media_vendas,
    count(*) as quantidade
from "meu_banco"."main"."stg_tips"
group by 1,2
  );

15:53:24.354968 [debug]: Query executed on node model.meu_projeto.fct_resumo:
/* {"app": "dbt", "dbt_version": "2.0.0", "node_id": "model.meu_projeto.fct_resumo", "profile_name": "meu_projeto", "target_name": "dev"} */
alter view "meu_banco"."main"."fct_resumo" rename to "fct_resumo__dbt_backup"
15:53:24.361123 [debug]: Query executed on node model.meu_projeto.fct_resumo:
/* {"app": "dbt", "dbt_version": "2.0.0", "node_id": "model.meu_projeto.fct_resumo", "profile_name": "meu_projeto", "target_name": "dev"} */
alter view "meu_banco"."main"."fct_resumo__dbt_tmp" rename to "fct_resumo"
15:53:24.369376 [debug]: Query executed on node model.meu_projeto.fct_resumo:
/* {"app": "dbt", "dbt_version": "2.0.0", "node_id": "model.meu_projeto.fct_resumo", "profile_name": "meu_projeto", "target_name": "dev"} */

      drop view if exists "meu_banco"."main"."fct_resumo__dbt_backup" cascade
    
15:53:24.370455 [info ]: Finished running [  0.07s] model main.fct_resumo [success]
15:53:24.370783 [info ]: Finished running [  0.16s] (4 nodes, 0 skipped, 0 errors)
15:53:24.371421 [info ]:  Succeeded [  0.07s] model main.fct_resumo (view)
15:53:24.435245 [info ]: New version available 2.0.0-preview.210 (run `dbt system update`)
15:53:24.548559 [info ]: 
==================== Execution Summary =====================
Finished 'run' successfully for target 'dev' [923ms]
Processed: 4 models
Summary: 4 total | 4 success
==================== 2026-08-19T16:05:28.863777Z | 01a01ac5-3c9c-7713-ba7f-07a374f305df ====================
16:05:28.864006 [info ]: dbt-fusion 2.0.0-preview.205
16:05:28.864908 [info ]: Started loading project
16:05:28.869516 [info ]: Loading ~/.dbt/profiles.yml
16:05:28.883261 [debug]:    Started loading packages
16:05:28.891752 [debug]:     Loaded [  0.01s] packages
16:05:28.893290 [info ]: Finished loading project [  0.03s]
16:05:28.894366 [info ]: Started parsing
16:05:28.951240 [debug]: Finished parsing models/staging/stg_tips.yml [  0.00s]
16:05:28.951717 [debug]: Finished parsing models/staging/stg_vendas.yml [  0.00s]
16:05:28.954101 [debug]: Finished parsing models/marts/fct_resumo.sql [  0.00s]
16:05:28.954765 [debug]: Finished parsing models/marts/fct_vendas.sql [  0.00s]
16:05:28.955519 [debug]: Finished parsing models/staging/stg_tips.sql [  0.00s]
16:05:28.956333 [debug]: Finished parsing models/staging/stg_vendas.sql [  0.00s]
16:05:28.971423 [debug]: Finished parsing target\generic_tests\not_null_stg_tips_day.sql [  0.00s]
16:05:28.974415 [debug]: Finished parsing target\generic_tests\not_null_stg_tips_sex.sql [  0.00s]
16:05:28.976005 [debug]: Finished parsing target\generic_tests\not_null_stg_tips_tip.sql [  0.00s]
16:05:28.978236 [debug]: Finished parsing target\generic_tests\not_null_stg_tips_total_bill.sql [  0.00s]
16:05:28.987734 [debug]: Finished parsing target\generic_tests\not_null_stg_vendas_cliente.sql [  0.01s]
16:05:28.988797 [debug]: Finished parsing target\generic_tests\unique_stg_vendas_id.sql [  0.00s]
16:05:28.989769 [debug]: Finished parsing target\generic_tests\not_null_stg_vendas_id.sql [  0.00s]
16:05:28.990990 [debug]: Finished parsing target\generic_tests\not_null_stg_vendas_valor.sql [  0.00s]
16:05:29.352847 [info ]: Finished parsing [  0.46s]
16:05:29.354366 [info ]: Started scheduling
16:05:29.356525 [info ]: Finished scheduling [  0.00s]
16:05:29.370289 [debug]: No platform credentials found, skipping remote license
16:05:29.370567 [debug]: License check failed: Feature not licensed: 'lineage'
16:05:29.371006 [info ]: Started building task graph
16:05:29.371374 [info ]: Finished building task graph [  0.00s]
16:05:29.423749 [debug]: Query executed on node unknown:
/* {"app": "dbt", "connection_name": "", "dbt_version": "2.0.0", "profile_name": "meu_projeto", "target_name": "dev"} */

    
    select schema_name
    from system.information_schema.schemata
    
    where lower(catalog_name) = '"meu_banco"'
    
  
  
16:05:29.426140 [debug]: Query executed on node unknown:
/* {"app": "dbt", "connection_name": "", "dbt_version": "2.0.0", "profile_name": "meu_projeto", "target_name": "dev"} */

    
        select type from duckdb_databases()
        where lower(database_name)='meu_banco'
        and type='sqlite'
    
  
16:05:29.427354 [debug]: Query executed on node unknown:
/* {"app": "dbt", "connection_name": "", "dbt_version": "2.0.0", "profile_name": "meu_projeto", "target_name": "dev"} */

    
    
        create schema if not exists "meu_banco"."main"
    
16:05:29.427628 [info ]: Started rendering (4 nodes)
16:05:29.427853 [info ]: Started model main.stg_vendas
16:05:29.427880 [debug]: Started rendering model main.stg_vendas
16:05:29.427927 [info ]: Started model main.stg_tips
16:05:29.427949 [debug]: Started rendering model main.stg_tips
16:05:29.430755 [debug]: Compiled SQL for node model.meu_projeto.stg_vendas at target\compiled\meu_projeto\models\staging\stg_vendas.sql
16:05:29.431143 [debug]: Compiled SQL for node model.meu_projeto.stg_tips at target\compiled\meu_projeto\models\staging\stg_tips.sql
16:05:29.431152 [debug]: Finished rendering [  0.00s] model main.stg_vendas [success]
16:05:29.432199 [info ]: Started analyzing (4 nodes)
16:05:29.432518 [debug]: Started analyzing model main.stg_vendas
16:05:29.432593 [debug]: Finished rendering [  0.00s] model main.stg_tips [success]
16:05:29.432894 [debug]: Started analyzing model main.stg_tips
16:05:29.444120 [debug]: Finished analyzing [  0.01s] model main.stg_vendas [success]
16:05:29.444518 [info ]: Started running (4 nodes)
16:05:29.444703 [info ]: Started running model main.stg_vendas
16:05:29.444950 [debug]: Finished analyzing [  0.01s] model main.stg_tips [success]
16:05:29.445275 [info ]: Started running model main.stg_tips
16:05:29.459785 [debug]: Query executed on node model.meu_projeto.stg_vendas:
SELECT table_catalog, table_schema, table_name, table_type FROM information_schema.tables WHERE table_schema = 'main' AND lower(table_catalog) = lower('meu_banco')
16:05:29.459785 [debug]: Query executed on node model.meu_projeto.stg_tips:
SELECT table_catalog, table_schema, table_name, table_type FROM information_schema.tables WHERE table_schema = 'main' AND lower(table_catalog) = lower('meu_banco')
16:05:29.465553 [debug]: Writing runtime sql for node "model.meu_projeto.stg_vendas"
16:05:29.466380 [debug]: Writing runtime sql for node "model.meu_projeto.stg_tips"
16:05:29.490404 [debug]: Query executed on node model.meu_projeto.stg_vendas:
/* {"app": "dbt", "dbt_version": "2.0.0", "node_id": "model.meu_projeto.stg_vendas", "profile_name": "meu_projeto", "target_name": "dev"} */

  
  create view "meu_banco"."main"."stg_vendas__dbt_tmp" as (
    SELECT
    id,
    cliente,
    categoria,
    valor,
    data_venda
from read_csv_auto('models\data\stg_vendas.csv')
  );

16:05:29.491804 [debug]: Query executed on node model.meu_projeto.stg_tips:
/* {"app": "dbt", "dbt_version": "2.0.0", "node_id": "model.meu_projeto.stg_tips", "profile_name": "meu_projeto", "target_name": "dev"} */

  
  create view "meu_banco"."main"."stg_tips__dbt_tmp" as (
    select
    total_bill,
    tip,
    sex,
    day,
    total_bill + tip as valor_total
from read_csv_auto('C:/Users/tl100/OneDrive/Documents/Carreira dados/teste-volta/pandas/tips.csv')
  );

16:05:29.496753 [debug]: Query executed on node model.meu_projeto.stg_vendas:
/* {"app": "dbt", "dbt_version": "2.0.0", "node_id": "model.meu_projeto.stg_vendas", "profile_name": "meu_projeto", "target_name": "dev"} */
alter view "meu_banco"."main"."stg_vendas" rename to "stg_vendas__dbt_backup"
16:05:29.498278 [debug]: Query executed on node model.meu_projeto.stg_tips:
/* {"app": "dbt", "dbt_version": "2.0.0", "node_id": "model.meu_projeto.stg_tips", "profile_name": "meu_projeto", "target_name": "dev"} */
alter view "meu_banco"."main"."stg_tips" rename to "stg_tips__dbt_backup"
16:05:29.503986 [debug]: Query executed on node model.meu_projeto.stg_vendas:
/* {"app": "dbt", "dbt_version": "2.0.0", "node_id": "model.meu_projeto.stg_vendas", "profile_name": "meu_projeto", "target_name": "dev"} */
alter view "meu_banco"."main"."stg_vendas__dbt_tmp" rename to "stg_vendas"
16:05:29.505842 [debug]: Query executed on node model.meu_projeto.stg_tips:
/* {"app": "dbt", "dbt_version": "2.0.0", "node_id": "model.meu_projeto.stg_tips", "profile_name": "meu_projeto", "target_name": "dev"} */
alter view "meu_banco"."main"."stg_tips__dbt_tmp" rename to "stg_tips"
16:05:29.510296 [debug]: Query executed on node model.meu_projeto.stg_vendas:
/* {"app": "dbt", "dbt_version": "2.0.0", "node_id": "model.meu_projeto.stg_vendas", "profile_name": "meu_projeto", "target_name": "dev"} */

      drop view if exists "meu_banco"."main"."stg_vendas__dbt_backup" cascade
    
16:05:29.511457 [info ]: Finished running [  0.07s] model main.stg_vendas [success]
16:05:29.511897 [info ]:  Succeeded [  0.08s] model main.stg_vendas (view)
16:05:29.512405 [info ]: Started model main.fct_vendas
16:05:29.512430 [debug]: Started rendering model main.fct_vendas
16:05:29.513964 [debug]: Query executed on node model.meu_projeto.stg_tips:
/* {"app": "dbt", "dbt_version": "2.0.0", "node_id": "model.meu_projeto.stg_tips", "profile_name": "meu_projeto", "target_name": "dev"} */

      drop view if exists "meu_banco"."main"."stg_tips__dbt_backup" cascade
    
16:05:29.514929 [debug]: Compiled SQL for node model.meu_projeto.fct_vendas at target\compiled\meu_projeto\models\marts\fct_vendas.sql
16:05:29.515159 [debug]: Finished rendering [  0.00s] model main.fct_vendas [success]
16:05:29.517345 [debug]: Started analyzing model main.fct_vendas
16:05:29.517420 [info ]: Finished running [  0.07s] model main.stg_tips [success]
16:05:29.518390 [info ]:  Succeeded [  0.09s] model main.stg_tips (view)
16:05:29.519712 [info ]: Started model main.fct_resumo
16:05:29.519748 [debug]: Started rendering model main.fct_resumo
16:05:29.522229 [debug]: Compiled SQL for node model.meu_projeto.fct_resumo at target\compiled\meu_projeto\models\marts\fct_resumo.sql
16:05:29.522551 [debug]: Finished rendering [  0.00s] model main.fct_resumo [success]
16:05:29.524086 [info ]: Finished rendering [  0.10s] (4 nodes, 0 skipped, 0 errors)
16:05:29.525470 [debug]: Started analyzing model main.fct_resumo
16:05:29.529148 [debug]: Finished analyzing [  0.00s] model main.fct_resumo [success]
16:05:29.529647 [info ]: Started running model main.fct_resumo
16:05:29.537344 [debug]: Writing runtime sql for node "model.meu_projeto.fct_resumo"
16:05:29.537003 [debug]: Finished analyzing [  0.02s] model main.fct_vendas [success]
16:05:29.537462 [info ]: Finished analyzing [  0.11s] (4 nodes, 0 skipped, 0 errors)
16:05:29.538236 [info ]: Started running model main.fct_vendas
16:05:29.547069 [debug]: Writing runtime sql for node "model.meu_projeto.fct_vendas"
16:05:29.558804 [debug]: Query executed on node model.meu_projeto.fct_resumo:
/* {"app": "dbt", "dbt_version": "2.0.0", "node_id": "model.meu_projeto.fct_resumo", "profile_name": "meu_projeto", "target_name": "dev"} */

  
  create view "meu_banco"."main"."fct_resumo__dbt_tmp" as (
    select
    day,
    sex,
    sum(valor_total) as total_vendas,
    avg(valor_total) as media_vendas,
    count(*) as quantidade
from "meu_banco"."main"."stg_tips"
group by 1,2
  );

16:05:29.567803 [debug]: Query executed on node model.meu_projeto.fct_resumo:
/* {"app": "dbt", "dbt_version": "2.0.0", "node_id": "model.meu_projeto.fct_resumo", "profile_name": "meu_projeto", "target_name": "dev"} */
alter view "meu_banco"."main"."fct_resumo" rename to "fct_resumo__dbt_backup"
16:05:29.574239 [debug]: Query executed on node model.meu_projeto.fct_vendas:
/* {"app": "dbt", "dbt_version": "2.0.0", "node_id": "model.meu_projeto.fct_vendas", "profile_name": "meu_projeto", "target_name": "dev"} */

  
  create view "meu_banco"."main"."fct_vendas__dbt_tmp" as (
    SELECT
    cliente,
    categoria,
    SUM(valor) over () AS total_vendas,
    AVG(valor) over () AS media_vendas,
    COUNT(*) AS quantidade_vendas,
    ROUND( sum(valor) over() * 100.0 / SUM(valor) OVER (PARTITION BY cliente), 2 )as percentual_total
FROM "meu_banco"."main"."stg_vendas"
GROUP BY cliente, categoria, valor
  );

16:05:29.575489 [debug]: Query executed on node model.meu_projeto.fct_resumo:
/* {"app": "dbt", "dbt_version": "2.0.0", "node_id": "model.meu_projeto.fct_resumo", "profile_name": "meu_projeto", "target_name": "dev"} */
alter view "meu_banco"."main"."fct_resumo__dbt_tmp" rename to "fct_resumo"
16:05:29.578765 [debug]: Query executed on node model.meu_projeto.fct_vendas:
/* {"app": "dbt", "dbt_version": "2.0.0", "node_id": "model.meu_projeto.fct_vendas", "profile_name": "meu_projeto", "target_name": "dev"} */
alter view "meu_banco"."main"."fct_vendas" rename to "fct_vendas__dbt_backup"
16:05:29.580975 [debug]: Query executed on node model.meu_projeto.fct_resumo:
/* {"app": "dbt", "dbt_version": "2.0.0", "node_id": "model.meu_projeto.fct_resumo", "profile_name": "meu_projeto", "target_name": "dev"} */

      drop view if exists "meu_banco"."main"."fct_resumo__dbt_backup" cascade
    
16:05:29.581730 [info ]: Finished running [  0.05s] model main.fct_resumo [success]
16:05:29.582098 [info ]:  Succeeded [  0.06s] model main.fct_resumo (view)
16:05:29.583096 [debug]: Query executed on node model.meu_projeto.fct_vendas:
/* {"app": "dbt", "dbt_version": "2.0.0", "node_id": "model.meu_projeto.fct_vendas", "profile_name": "meu_projeto", "target_name": "dev"} */
alter view "meu_banco"."main"."fct_vendas__dbt_tmp" rename to "fct_vendas"
16:05:29.588485 [debug]: Query executed on node model.meu_projeto.fct_vendas:
/* {"app": "dbt", "dbt_version": "2.0.0", "node_id": "model.meu_projeto.fct_vendas", "profile_name": "meu_projeto", "target_name": "dev"} */

      drop view if exists "meu_banco"."main"."fct_vendas__dbt_backup" cascade
    
16:05:29.589448 [info ]: Finished running [  0.05s] model main.fct_vendas [success]
16:05:29.589736 [info ]: Finished running [  0.15s] (4 nodes, 0 skipped, 0 errors)
16:05:29.590277 [info ]:  Succeeded [  0.07s] model main.fct_vendas (view)
16:05:29.780060 [info ]: New version available 2.0.0-preview.210 (run `dbt system update`)
16:05:29.885718 [info ]: 
==================== Execution Summary =====================
Finished 'run' successfully for target 'dev' [1.0s]
Processed: 4 models
Summary: 4 total | 4 success
==================== 2026-08-19T16:05:52.996045Z | 01a01ac5-9ae0-7071-b4e3-dd55e70c1a01 ====================
16:05:52.996311 [info ]: dbt-fusion 2.0.0-preview.205
16:05:52.997017 [info ]: Started loading project
16:05:53.001792 [info ]: Loading ~/.dbt/profiles.yml
16:05:53.014514 [debug]:    Started loading packages
16:05:53.021218 [debug]:     Loaded [  0.01s] packages
16:05:53.022579 [info ]: Finished loading project [  0.03s]
16:05:53.023464 [info ]: Started parsing
16:05:53.142413 [debug]: Finished parsing models/staging/stg_tips.yml [  0.00s]
16:05:53.142831 [debug]: Finished parsing models/staging/stg_vendas.yml [  0.00s]
16:05:53.146045 [debug]: Finished parsing models/marts/fct_resumo.sql [  0.00s]
16:05:53.147237 [debug]: Finished parsing models/marts/fct_vendas.sql [  0.00s]
16:05:53.148616 [debug]: Finished parsing models/staging/stg_tips.sql [  0.00s]
16:05:53.184884 [debug]: Finished parsing models/staging/stg_vendas.sql [  0.04s]
16:05:53.219524 [debug]: Finished parsing target\generic_tests\not_null_stg_tips_day.sql [  0.02s]
16:05:53.241570 [debug]: Finished parsing target\generic_tests\not_null_stg_tips_sex.sql [  0.02s]
16:05:53.250958 [debug]: Finished parsing target\generic_tests\not_null_stg_tips_tip.sql [  0.01s]
16:05:53.253333 [debug]: Finished parsing target\generic_tests\not_null_stg_tips_total_bill.sql [  0.00s]
16:05:53.255239 [debug]: Finished parsing target\generic_tests\not_null_stg_vendas_cliente.sql [  0.00s]
16:05:53.256616 [debug]: Finished parsing target\generic_tests\unique_stg_vendas_id.sql [  0.00s]
16:05:53.258177 [debug]: Finished parsing target\generic_tests\not_null_stg_vendas_id.sql [  0.00s]
16:05:53.259826 [debug]: Finished parsing target\generic_tests\not_null_stg_vendas_valor.sql [  0.00s]
16:05:53.649613 [info ]: Finished parsing [  0.63s]
16:05:53.651808 [info ]: Started scheduling
16:05:53.652321 [info ]: Finished scheduling [  0.00s]
16:05:53.663489 [debug]: No platform credentials found, skipping remote license
16:05:53.663767 [debug]: License check failed: Feature not licensed: 'lineage'
16:05:53.664271 [info ]: Started building task graph
16:05:53.664884 [info ]: Finished building task graph [  0.00s]
16:05:53.709144 [debug]: Query executed on node unknown:
/* {"app": "dbt", "connection_name": "", "dbt_version": "2.0.0", "profile_name": "meu_projeto", "target_name": "dev"} */

    
    select schema_name
    from system.information_schema.schemata
    
    where lower(catalog_name) = '"meu_banco"'
    
  
  
16:05:53.710665 [debug]: Query executed on node unknown:
/* {"app": "dbt", "connection_name": "", "dbt_version": "2.0.0", "profile_name": "meu_projeto", "target_name": "dev"} */

    
        select type from duckdb_databases()
        where lower(database_name)='meu_banco'
        and type='sqlite'
    
  
16:05:53.711348 [debug]: Query executed on node unknown:
/* {"app": "dbt", "connection_name": "", "dbt_version": "2.0.0", "profile_name": "meu_projeto", "target_name": "dev"} */

    
    
        create schema if not exists "meu_banco"."main"
    
16:05:53.711533 [info ]: Started rendering (4 nodes)
16:05:53.711750 [info ]: Started model main.stg_vendas
16:05:53.711768 [debug]: Started rendering model main.stg_vendas
16:05:53.711809 [info ]: Started model main.stg_tips
16:05:53.711854 [debug]: Started rendering model main.stg_tips
16:05:53.714378 [debug]: Compiled SQL for node model.meu_projeto.stg_vendas at target\compiled\meu_projeto\models\staging\stg_vendas.sql
16:05:53.714415 [debug]: Compiled SQL for node model.meu_projeto.stg_tips at target\compiled\meu_projeto\models\staging\stg_tips.sql
16:05:53.714668 [debug]: Finished rendering [  0.00s] model main.stg_vendas [success]
16:05:53.716845 [info ]: Started analyzing (4 nodes)
16:05:53.717025 [debug]: Started analyzing model main.stg_vendas
16:05:53.717090 [debug]: Finished rendering [  0.01s] model main.stg_tips [success]
16:05:53.717422 [debug]: Started analyzing model main.stg_tips
16:05:53.725360 [debug]: Finished analyzing [  0.01s] model main.stg_vendas [success]
16:05:53.725801 [info ]: Started running (4 nodes)
16:05:53.725991 [info ]: Started running model main.stg_vendas
16:05:53.726051 [debug]: Finished analyzing [  0.01s] model main.stg_tips [success]
16:05:53.726837 [info ]: Started running model main.stg_tips
16:05:53.738040 [debug]: Query executed on node model.meu_projeto.stg_tips:
SELECT table_catalog, table_schema, table_name, table_type FROM information_schema.tables WHERE table_schema = 'main' AND lower(table_catalog) = lower('meu_banco')
16:05:53.738041 [debug]: Query executed on node model.meu_projeto.stg_vendas:
SELECT table_catalog, table_schema, table_name, table_type FROM information_schema.tables WHERE table_schema = 'main' AND lower(table_catalog) = lower('meu_banco')
16:05:53.742550 [debug]: Writing runtime sql for node "model.meu_projeto.stg_tips"
16:05:53.742948 [debug]: Writing runtime sql for node "model.meu_projeto.stg_vendas"
16:05:53.758740 [debug]: Query executed on node model.meu_projeto.stg_tips:
/* {"app": "dbt", "dbt_version": "2.0.0", "node_id": "model.meu_projeto.stg_tips", "profile_name": "meu_projeto", "target_name": "dev"} */

  
  create view "meu_banco"."main"."stg_tips__dbt_tmp" as (
    select
    total_bill,
    tip,
    sex,
    day,
    total_bill + tip as valor_total
from read_csv_auto('pandas/tips.csv')
  );

16:05:53.762012 [debug]: Query executed on node model.meu_projeto.stg_vendas:
/* {"app": "dbt", "dbt_version": "2.0.0", "node_id": "model.meu_projeto.stg_vendas", "profile_name": "meu_projeto", "target_name": "dev"} */

  
  create view "meu_banco"."main"."stg_vendas__dbt_tmp" as (
    SELECT
    id,
    cliente,
    categoria,
    valor,
    data_venda
from read_csv_auto('models\data\stg_vendas.csv')
  );

16:05:53.768835 [debug]: Query executed on node model.meu_projeto.stg_vendas:
/* {"app": "dbt", "dbt_version": "2.0.0", "node_id": "model.meu_projeto.stg_vendas", "profile_name": "meu_projeto", "target_name": "dev"} */
alter view "meu_banco"."main"."stg_vendas" rename to "stg_vendas__dbt_backup"
16:05:53.773881 [debug]: Query executed on node model.meu_projeto.stg_vendas:
/* {"app": "dbt", "dbt_version": "2.0.0", "node_id": "model.meu_projeto.stg_vendas", "profile_name": "meu_projeto", "target_name": "dev"} */
alter view "meu_banco"."main"."stg_vendas__dbt_tmp" rename to "stg_vendas"
16:05:53.780755 [debug]: Query executed on node model.meu_projeto.stg_vendas:
/* {"app": "dbt", "dbt_version": "2.0.0", "node_id": "model.meu_projeto.stg_vendas", "profile_name": "meu_projeto", "target_name": "dev"} */

      drop view if exists "meu_banco"."main"."stg_vendas__dbt_backup" cascade
    
16:05:53.781935 [info ]: Finished running [  0.06s] model main.stg_vendas [success]
16:05:53.782360 [info ]:  Succeeded [  0.07s] model main.stg_vendas (view)
16:05:53.783033 [info ]: Started model main.fct_vendas
16:05:53.783068 [debug]: Started rendering model main.fct_vendas
16:05:53.785952 [debug]: Compiled SQL for node model.meu_projeto.fct_vendas at target\compiled\meu_projeto\models\marts\fct_vendas.sql
16:05:53.786167 [debug]: Finished rendering [  0.00s] model main.fct_vendas [success]
16:05:53.786580 [debug]: Started analyzing model main.fct_vendas
16:05:53.805068 [debug]: Finished analyzing [  0.02s] model main.fct_vendas [success]
16:05:53.805539 [info ]: Started running model main.fct_vendas
16:05:53.811554 [debug]: Writing runtime sql for node "model.meu_projeto.fct_vendas"
16:05:53.824704 [debug]: Query executed on node model.meu_projeto.fct_vendas:
/* {"app": "dbt", "dbt_version": "2.0.0", "node_id": "model.meu_projeto.fct_vendas", "profile_name": "meu_projeto", "target_name": "dev"} */

  
  create view "meu_banco"."main"."fct_vendas__dbt_tmp" as (
    SELECT
    cliente,
    categoria,
    SUM(valor) over () AS total_vendas,
    AVG(valor) over () AS media_vendas,
    COUNT(*) AS quantidade_vendas,
    ROUND( sum(valor) over() * 100.0 / SUM(valor) OVER (PARTITION BY cliente), 2 )as percentual_total
FROM "meu_banco"."main"."stg_vendas"
GROUP BY cliente, categoria, valor
  );

16:05:53.829004 [debug]: Query executed on node model.meu_projeto.fct_vendas:
/* {"app": "dbt", "dbt_version": "2.0.0", "node_id": "model.meu_projeto.fct_vendas", "profile_name": "meu_projeto", "target_name": "dev"} */
alter view "meu_banco"."main"."fct_vendas" rename to "fct_vendas__dbt_backup"
16:05:53.834221 [debug]: Query executed on node model.meu_projeto.fct_vendas:
/* {"app": "dbt", "dbt_version": "2.0.0", "node_id": "model.meu_projeto.fct_vendas", "profile_name": "meu_projeto", "target_name": "dev"} */
alter view "meu_banco"."main"."fct_vendas__dbt_tmp" rename to "fct_vendas"
16:05:53.840762 [debug]: Query executed on node model.meu_projeto.fct_vendas:
/* {"app": "dbt", "dbt_version": "2.0.0", "node_id": "model.meu_projeto.fct_vendas", "profile_name": "meu_projeto", "target_name": "dev"} */

      drop view if exists "meu_banco"."main"."fct_vendas__dbt_backup" cascade
    
16:05:53.841513 [info ]: Finished running [  0.04s] model main.fct_vendas [success]
16:05:53.842065 [info ]:  Succeeded [  0.06s] model main.fct_vendas (view)
16:05:54.759682 [error]: [DbDriverFailed (dbt1308)]: Database Error in model stg_tips (target\run\meu_projeto\models\staging\stg_tips.sql)
  IO Error: No files found that match the pattern "pandas/tips.csv"
  
  LINE 11: from read_csv_auto('pandas/tips.csv')
                ^
  (in run\meu_projeto\models/staging\stg_tips.sql)
16:05:54.759891 [info ]: Finished running [  1.03s] model main.stg_tips [error]
16:05:54.760147 [info ]:     Failed [  1.05s] model main.stg_tips (view)
16:05:54.761830 [info ]: Started model main.fct_resumo
16:05:54.761902 [debug]: Started rendering model main.fct_resumo
16:05:54.761999 [debug]: Finished rendering [  0.00s] model main.fct_resumo [skipped]
16:05:54.762245 [info ]: Finished rendering [  1.05s] (4 nodes, 1 skipped, 0 errors)
16:05:54.764077 [debug]: Started analyzing model main.fct_resumo
16:05:54.764295 [debug]: Finished analyzing [  0.00s] model main.fct_resumo [skipped]
16:05:54.764729 [info ]: Finished analyzing [  1.05s] (4 nodes, 1 skipped, 0 errors)
16:05:54.769732 [info ]: Started running model main.fct_resumo
16:05:54.769921 [info ]: Finished running [  0.00s] model main.fct_resumo [skipped]
16:05:54.770256 [info ]: Finished running [  1.04s] (4 nodes, 1 skipped, 1 errors)
16:05:54.771213 [info ]:    Skipped [-------] model main.fct_resumo (view)
16:05:54.865699 [info ]: New version available 2.0.0-preview.210 (run `dbt system update`)
16:05:54.975022 [info ]: 
==================== Execution Summary =====================
Finished 'run' with 1 error for target 'dev' [2.0s]
Processed: 4 models
Summary: 4 total | 2 success | 1 error | 1 skipped
==================== 2026-08-19T16:06:05.522105Z | 01a01ac5-cbce-7ef2-a573-a0c1b5166d12 ====================
16:06:05.522427 [info ]: dbt-fusion 2.0.0-preview.205
16:06:05.523101 [info ]: Started loading project
16:06:05.529746 [info ]: Loading ~/.dbt/profiles.yml
16:06:05.543137 [debug]:    Started loading packages
16:06:05.548936 [debug]:     Loaded [  0.01s] packages
16:06:05.550246 [info ]: Finished loading project [  0.03s]
16:06:05.551398 [info ]: Started parsing
16:06:05.613640 [debug]: Finished parsing models/staging/stg_tips.yml [  0.00s]
16:06:05.614083 [debug]: Finished parsing models/staging/stg_vendas.yml [  0.00s]
16:06:05.616636 [debug]: Finished parsing models/marts/fct_resumo.sql [  0.00s]
16:06:05.617661 [debug]: Finished parsing models/marts/fct_vendas.sql [  0.00s]
16:06:05.618528 [debug]: Finished parsing models/staging/stg_tips.sql [  0.00s]
16:06:05.619212 [debug]: Finished parsing models/staging/stg_vendas.sql [  0.00s]
16:06:05.637477 [debug]: Finished parsing target\generic_tests\not_null_stg_tips_day.sql [  0.00s]
16:06:05.639098 [debug]: Finished parsing target\generic_tests\not_null_stg_tips_sex.sql [  0.00s]
16:06:05.640664 [debug]: Finished parsing target\generic_tests\not_null_stg_tips_tip.sql [  0.00s]
16:06:05.642250 [debug]: Finished parsing target\generic_tests\not_null_stg_tips_total_bill.sql [  0.00s]
16:06:05.644453 [debug]: Finished parsing target\generic_tests\not_null_stg_vendas_cliente.sql [  0.00s]
16:06:05.645881 [debug]: Finished parsing target\generic_tests\unique_stg_vendas_id.sql [  0.00s]
16:06:05.647128 [debug]: Finished parsing target\generic_tests\not_null_stg_vendas_id.sql [  0.00s]
16:06:05.648070 [debug]: Finished parsing target\generic_tests\not_null_stg_vendas_valor.sql [  0.00s]
16:06:06.013176 [info ]: Finished parsing [  0.46s]
16:06:06.014370 [info ]: Started scheduling
16:06:06.014634 [info ]: Finished scheduling [  0.00s]
16:06:06.028099 [debug]: No platform credentials found, skipping remote license
16:06:06.028425 [debug]: License check failed: Feature not licensed: 'lineage'
16:06:06.029020 [info ]: Started building task graph
16:06:06.029391 [info ]: Finished building task graph [  0.00s]
16:06:06.081728 [debug]: Query executed on node unknown:
/* {"app": "dbt", "connection_name": "", "dbt_version": "2.0.0", "profile_name": "meu_projeto", "target_name": "dev"} */

    
    select schema_name
    from system.information_schema.schemata
    
    where lower(catalog_name) = '"meu_banco"'
    
  
  
16:06:06.083460 [debug]: Query executed on node unknown:
/* {"app": "dbt", "connection_name": "", "dbt_version": "2.0.0", "profile_name": "meu_projeto", "target_name": "dev"} */

    
        select type from duckdb_databases()
        where lower(database_name)='meu_banco'
        and type='sqlite'
    
  
16:06:06.084259 [debug]: Query executed on node unknown:
/* {"app": "dbt", "connection_name": "", "dbt_version": "2.0.0", "profile_name": "meu_projeto", "target_name": "dev"} */

    
    
        create schema if not exists "meu_banco"."main"
    
16:06:06.084449 [info ]: Started rendering (4 nodes)
16:06:06.084657 [info ]: Started model main.stg_vendas
16:06:06.084685 [debug]: Started rendering model main.stg_vendas
16:06:06.084745 [info ]: Started model main.stg_tips
16:06:06.084780 [debug]: Started rendering model main.stg_tips
16:06:06.086972 [debug]: Compiled SQL for node model.meu_projeto.stg_tips at target\compiled\meu_projeto\models\staging\stg_tips.sql
16:06:06.087023 [debug]: Compiled SQL for node model.meu_projeto.stg_vendas at target\compiled\meu_projeto\models\staging\stg_vendas.sql
16:06:06.087188 [debug]: Finished rendering [  0.00s] model main.stg_tips [success]
16:06:06.089226 [info ]: Started analyzing (4 nodes)
16:06:06.089443 [debug]: Started analyzing model main.stg_tips
16:06:06.089501 [debug]: Finished rendering [  0.00s] model main.stg_vendas [success]
16:06:06.089749 [debug]: Started analyzing model main.stg_vendas
16:06:06.099484 [debug]: Finished analyzing [  0.01s] model main.stg_vendas [success]
16:06:06.099909 [info ]: Started running (4 nodes)
16:06:06.100112 [info ]: Started running model main.stg_vendas
16:06:06.100163 [debug]: Finished analyzing [  0.01s] model main.stg_tips [success]
16:06:06.100463 [info ]: Started running model main.stg_tips
16:06:06.114849 [debug]: Query executed on node model.meu_projeto.stg_vendas:
SELECT table_catalog, table_schema, table_name, table_type FROM information_schema.tables WHERE table_schema = 'main' AND lower(table_catalog) = lower('meu_banco')
16:06:06.115199 [debug]: Query executed on node model.meu_projeto.stg_tips:
SELECT table_catalog, table_schema, table_name, table_type FROM information_schema.tables WHERE table_schema = 'main' AND lower(table_catalog) = lower('meu_banco')
16:06:06.121294 [debug]: Writing runtime sql for node "model.meu_projeto.stg_vendas"
16:06:06.121294 [debug]: Writing runtime sql for node "model.meu_projeto.stg_tips"
16:06:06.127146 [debug]: Query executed on node model.meu_projeto.stg_tips:
/* {"app": "dbt", "dbt_version": "2.0.0", "node_id": "model.meu_projeto.stg_tips", "profile_name": "meu_projeto", "target_name": "dev"} */

  
  create view "meu_banco"."main"."stg_tips__dbt_tmp" as (
    select
    total_bill,
    tip,
    sex,
    day,
    total_bill + tip as valor_total
from read_csv_auto('teste-volta/pandas/tips.csv')
  );

16:06:06.145121 [debug]: Query executed on node model.meu_projeto.stg_vendas:
/* {"app": "dbt", "dbt_version": "2.0.0", "node_id": "model.meu_projeto.stg_vendas", "profile_name": "meu_projeto", "target_name": "dev"} */

  
  create view "meu_banco"."main"."stg_vendas__dbt_tmp" as (
    SELECT
    id,
    cliente,
    categoria,
    valor,
    data_venda
from read_csv_auto('models\data\stg_vendas.csv')
  );

16:06:06.150557 [debug]: Query executed on node model.meu_projeto.stg_vendas:
/* {"app": "dbt", "dbt_version": "2.0.0", "node_id": "model.meu_projeto.stg_vendas", "profile_name": "meu_projeto", "target_name": "dev"} */
alter view "meu_banco"."main"."stg_vendas" rename to "stg_vendas__dbt_backup"
16:06:06.155980 [debug]: Query executed on node model.meu_projeto.stg_vendas:
/* {"app": "dbt", "dbt_version": "2.0.0", "node_id": "model.meu_projeto.stg_vendas", "profile_name": "meu_projeto", "target_name": "dev"} */
alter view "meu_banco"."main"."stg_vendas__dbt_tmp" rename to "stg_vendas"
16:06:06.163331 [debug]: Query executed on node model.meu_projeto.stg_vendas:
/* {"app": "dbt", "dbt_version": "2.0.0", "node_id": "model.meu_projeto.stg_vendas", "profile_name": "meu_projeto", "target_name": "dev"} */

      drop view if exists "meu_banco"."main"."stg_vendas__dbt_backup" cascade
    
16:06:06.164316 [info ]: Finished running [  0.06s] model main.stg_vendas [success]
16:06:06.166128 [info ]:  Succeeded [  0.08s] model main.stg_vendas (view)
16:06:06.167609 [info ]: Started model main.fct_vendas
16:06:06.167661 [debug]: Started rendering model main.fct_vendas
16:06:06.169616 [debug]: Compiled SQL for node model.meu_projeto.fct_vendas at target\compiled\meu_projeto\models\marts\fct_vendas.sql
16:06:06.169821 [debug]: Finished rendering [  0.00s] model main.fct_vendas [success]
16:06:06.170247 [debug]: Started analyzing model main.fct_vendas
16:06:06.185831 [debug]: Finished analyzing [  0.02s] model main.fct_vendas [success]
16:06:06.186322 [info ]: Started running model main.fct_vendas
16:06:06.192612 [debug]: Writing runtime sql for node "model.meu_projeto.fct_vendas"
16:06:06.206075 [debug]: Query executed on node model.meu_projeto.fct_vendas:
/* {"app": "dbt", "dbt_version": "2.0.0", "node_id": "model.meu_projeto.fct_vendas", "profile_name": "meu_projeto", "target_name": "dev"} */

  
  create view "meu_banco"."main"."fct_vendas__dbt_tmp" as (
    SELECT
    cliente,
    categoria,
    SUM(valor) over () AS total_vendas,
    AVG(valor) over () AS media_vendas,
    COUNT(*) AS quantidade_vendas,
    ROUND( sum(valor) over() * 100.0 / SUM(valor) OVER (PARTITION BY cliente), 2 )as percentual_total
FROM "meu_banco"."main"."stg_vendas"
GROUP BY cliente, categoria, valor
  );

16:06:06.212413 [debug]: Query executed on node model.meu_projeto.fct_vendas:
/* {"app": "dbt", "dbt_version": "2.0.0", "node_id": "model.meu_projeto.fct_vendas", "profile_name": "meu_projeto", "target_name": "dev"} */
alter view "meu_banco"."main"."fct_vendas" rename to "fct_vendas__dbt_backup"
16:06:06.216740 [debug]: Query executed on node model.meu_projeto.fct_vendas:
/* {"app": "dbt", "dbt_version": "2.0.0", "node_id": "model.meu_projeto.fct_vendas", "profile_name": "meu_projeto", "target_name": "dev"} */
alter view "meu_banco"."main"."fct_vendas__dbt_tmp" rename to "fct_vendas"
16:06:06.222127 [debug]: Query executed on node model.meu_projeto.fct_vendas:
/* {"app": "dbt", "dbt_version": "2.0.0", "node_id": "model.meu_projeto.fct_vendas", "profile_name": "meu_projeto", "target_name": "dev"} */

      drop view if exists "meu_banco"."main"."fct_vendas__dbt_backup" cascade
    
16:06:06.223173 [info ]: Finished running [  0.04s] model main.fct_vendas [success]
16:06:06.223968 [info ]:  Succeeded [  0.05s] model main.fct_vendas (view)
16:06:07.129516 [error]: [DbDriverFailed (dbt1308)]: Database Error in model stg_tips (target\run\meu_projeto\models\staging\stg_tips.sql)
  IO Error: No files found that match the pattern "teste-volta/pandas/tips.csv"
  
  LINE 11: from read_csv_auto('teste-volta/pandas/tips.csv')
                ^
  (in run\meu_projeto\models/staging\stg_tips.sql)
16:06:07.129840 [info ]: Finished running [  1.03s] model main.stg_tips [error]
16:06:07.133125 [info ]:     Failed [  1.04s] model main.stg_tips (view)
16:06:07.136938 [info ]: Started model main.fct_resumo
16:06:07.137021 [debug]: Started rendering model main.fct_resumo
16:06:07.137120 [debug]: Finished rendering [  0.00s] model main.fct_resumo [skipped]
16:06:07.137494 [info ]: Finished rendering [  1.05s] (4 nodes, 1 skipped, 0 errors)
16:06:07.140134 [debug]: Started analyzing model main.fct_resumo
16:06:07.140252 [debug]: Finished analyzing [  0.00s] model main.fct_resumo [skipped]
16:06:07.140847 [info ]: Finished analyzing [  1.05s] (4 nodes, 1 skipped, 0 errors)
16:06:07.143000 [info ]: Started running model main.fct_resumo
16:06:07.143132 [info ]: Finished running [  0.00s] model main.fct_resumo [skipped]
16:06:07.143632 [info ]: Finished running [  1.04s] (4 nodes, 1 skipped, 1 errors)
16:06:07.145292 [info ]:    Skipped [-------] model main.fct_resumo (view)
16:06:07.231357 [info ]: New version available 2.0.0-preview.210 (run `dbt system update`)
16:06:07.339350 [info ]: 
==================== Execution Summary =====================
Finished 'run' with 1 error for target 'dev' [1.8s]
Processed: 4 models
Summary: 4 total | 2 success | 1 error | 1 skipped
==================== 2026-08-19T16:06:42.994362Z | 01a01ac6-5e2e-7790-907a-4637ec4a99cf ====================
16:06:42.994820 [info ]: dbt-fusion 2.0.0-preview.205
16:06:42.995575 [info ]: Started loading project
16:06:43.001256 [info ]: Loading ~/.dbt/profiles.yml
16:06:43.014040 [debug]:    Started loading packages
16:06:43.021951 [debug]:     Loaded [  0.01s] packages
16:06:43.024070 [info ]: Finished loading project [  0.03s]
16:06:43.025096 [info ]: Started parsing
16:06:43.125050 [debug]: Finished parsing models/staging/stg_tips.yml [  0.00s]
16:06:43.125534 [debug]: Finished parsing models/staging/stg_vendas.yml [  0.00s]
16:06:43.128205 [debug]: Finished parsing models/marts/fct_resumo.sql [  0.00s]
16:06:43.128967 [debug]: Finished parsing models/marts/fct_vendas.sql [  0.00s]
16:06:43.129750 [debug]: Finished parsing models/staging/stg_tips.sql [  0.00s]
16:06:43.130367 [debug]: Finished parsing models/staging/stg_vendas.sql [  0.00s]
16:06:43.146922 [debug]: Finished parsing target\generic_tests\not_null_stg_tips_day.sql [  0.00s]
16:06:43.148232 [debug]: Finished parsing target\generic_tests\not_null_stg_tips_sex.sql [  0.00s]
16:06:43.149249 [debug]: Finished parsing target\generic_tests\not_null_stg_tips_tip.sql [  0.00s]
16:06:43.150484 [debug]: Finished parsing target\generic_tests\not_null_stg_tips_total_bill.sql [  0.00s]
16:06:43.151405 [debug]: Finished parsing target\generic_tests\not_null_stg_vendas_cliente.sql [  0.00s]
16:06:43.152218 [debug]: Finished parsing target\generic_tests\unique_stg_vendas_id.sql [  0.00s]
16:06:43.153048 [debug]: Finished parsing target\generic_tests\not_null_stg_vendas_id.sql [  0.00s]
16:06:43.153891 [debug]: Finished parsing target\generic_tests\not_null_stg_vendas_valor.sql [  0.00s]
16:06:43.656858 [info ]: Finished parsing [  0.63s]
16:06:43.658290 [info ]: Started scheduling
16:06:43.658593 [info ]: Finished scheduling [  0.00s]
16:06:43.674918 [debug]: No platform credentials found, skipping remote license
16:06:43.675227 [debug]: License check failed: Feature not licensed: 'lineage'
16:06:43.675729 [info ]: Started building task graph
16:06:43.676024 [info ]: Finished building task graph [  0.00s]
16:06:43.724442 [debug]: Query executed on node unknown:
/* {"app": "dbt", "connection_name": "", "dbt_version": "2.0.0", "profile_name": "meu_projeto", "target_name": "dev"} */

    
    select schema_name
    from system.information_schema.schemata
    
    where lower(catalog_name) = '"meu_banco"'
    
  
  
16:06:43.725950 [debug]: Query executed on node unknown:
/* {"app": "dbt", "connection_name": "", "dbt_version": "2.0.0", "profile_name": "meu_projeto", "target_name": "dev"} */

    
        select type from duckdb_databases()
        where lower(database_name)='meu_banco'
        and type='sqlite'
    
  
16:06:43.726647 [debug]: Query executed on node unknown:
/* {"app": "dbt", "connection_name": "", "dbt_version": "2.0.0", "profile_name": "meu_projeto", "target_name": "dev"} */

    
    
        create schema if not exists "meu_banco"."main"
    
16:06:43.726823 [info ]: Started rendering (4 nodes)
16:06:43.726990 [info ]: Started model main.stg_vendas
16:06:43.727008 [debug]: Started rendering model main.stg_vendas
16:06:43.727043 [info ]: Started model main.stg_tips
16:06:43.727063 [debug]: Started rendering model main.stg_tips
16:06:43.729219 [debug]: Compiled SQL for node model.meu_projeto.stg_tips at target\compiled\meu_projeto\models\staging\stg_tips.sql
16:06:43.730399 [debug]: Compiled SQL for node model.meu_projeto.stg_vendas at target\compiled\meu_projeto\models\staging\stg_vendas.sql
16:06:43.729411 [debug]: Finished rendering [  0.00s] model main.stg_tips [success]
16:06:43.731129 [info ]: Started analyzing (4 nodes)
16:06:43.731319 [debug]: Started analyzing model main.stg_tips
16:06:43.731399 [debug]: Finished rendering [  0.00s] model main.stg_vendas [success]
16:06:43.732439 [debug]: Started analyzing model main.stg_vendas
16:06:43.741033 [debug]: Finished analyzing [  0.01s] model main.stg_vendas [success]
16:06:43.741422 [info ]: Started running (4 nodes)
16:06:43.741612 [info ]: Started running model main.stg_vendas
16:06:43.741662 [debug]: Finished analyzing [  0.01s] model main.stg_tips [success]
16:06:43.742187 [info ]: Started running model main.stg_tips
16:06:43.755014 [debug]: Query executed on node model.meu_projeto.stg_vendas:
SELECT table_catalog, table_schema, table_name, table_type FROM information_schema.tables WHERE table_schema = 'main' AND lower(table_catalog) = lower('meu_banco')
16:06:43.755138 [debug]: Query executed on node model.meu_projeto.stg_tips:
SELECT table_catalog, table_schema, table_name, table_type FROM information_schema.tables WHERE table_schema = 'main' AND lower(table_catalog) = lower('meu_banco')
16:06:43.761481 [debug]: Writing runtime sql for node "model.meu_projeto.stg_vendas"
16:06:43.762754 [debug]: Writing runtime sql for node "model.meu_projeto.stg_tips"
16:06:43.767315 [debug]: Query executed on node model.meu_projeto.stg_tips:
/* {"app": "dbt", "dbt_version": "2.0.0", "node_id": "model.meu_projeto.stg_tips", "profile_name": "meu_projeto", "target_name": "dev"} */

  
  create view "meu_banco"."main"."stg_tips__dbt_tmp" as (
    select
    total_bill,
    tip,
    sex,
    day,
    total_bill + tip as valor_total
from read_csv_auto('../../../pandas/tips.csv')
  );

16:06:43.781130 [debug]: Query executed on node model.meu_projeto.stg_vendas:
/* {"app": "dbt", "dbt_version": "2.0.0", "node_id": "model.meu_projeto.stg_vendas", "profile_name": "meu_projeto", "target_name": "dev"} */

  
  create view "meu_banco"."main"."stg_vendas__dbt_tmp" as (
    SELECT
    id,
    cliente,
    categoria,
    valor,
    data_venda
from read_csv_auto('models\data\stg_vendas.csv')
  );

16:06:43.788148 [debug]: Query executed on node model.meu_projeto.stg_vendas:
/* {"app": "dbt", "dbt_version": "2.0.0", "node_id": "model.meu_projeto.stg_vendas", "profile_name": "meu_projeto", "target_name": "dev"} */
alter view "meu_banco"."main"."stg_vendas" rename to "stg_vendas__dbt_backup"
16:06:43.793095 [debug]: Query executed on node model.meu_projeto.stg_vendas:
/* {"app": "dbt", "dbt_version": "2.0.0", "node_id": "model.meu_projeto.stg_vendas", "profile_name": "meu_projeto", "target_name": "dev"} */
alter view "meu_banco"."main"."stg_vendas__dbt_tmp" rename to "stg_vendas"
16:06:43.801027 [debug]: Query executed on node model.meu_projeto.stg_vendas:
/* {"app": "dbt", "dbt_version": "2.0.0", "node_id": "model.meu_projeto.stg_vendas", "profile_name": "meu_projeto", "target_name": "dev"} */

      drop view if exists "meu_banco"."main"."stg_vendas__dbt_backup" cascade
    
16:06:43.802253 [info ]: Finished running [  0.06s] model main.stg_vendas [success]
16:06:43.802789 [info ]:  Succeeded [  0.07s] model main.stg_vendas (view)
16:06:43.803269 [info ]: Started model main.fct_vendas
16:06:43.803297 [debug]: Started rendering model main.fct_vendas
16:06:43.805889 [debug]: Compiled SQL for node model.meu_projeto.fct_vendas at target\compiled\meu_projeto\models\marts\fct_vendas.sql
16:06:43.806126 [debug]: Finished rendering [  0.00s] model main.fct_vendas [success]
16:06:43.809651 [debug]: Started analyzing model main.fct_vendas
16:06:43.828543 [debug]: Finished analyzing [  0.02s] model main.fct_vendas [success]
16:06:43.829076 [info ]: Started running model main.fct_vendas
16:06:43.835469 [debug]: Writing runtime sql for node "model.meu_projeto.fct_vendas"
16:06:43.848629 [debug]: Query executed on node model.meu_projeto.fct_vendas:
/* {"app": "dbt", "dbt_version": "2.0.0", "node_id": "model.meu_projeto.fct_vendas", "profile_name": "meu_projeto", "target_name": "dev"} */

  
  create view "meu_banco"."main"."fct_vendas__dbt_tmp" as (
    SELECT
    cliente,
    categoria,
    SUM(valor) over () AS total_vendas,
    AVG(valor) over () AS media_vendas,
    COUNT(*) AS quantidade_vendas,
    ROUND( sum(valor) over() * 100.0 / SUM(valor) OVER (PARTITION BY cliente), 2 )as percentual_total
FROM "meu_banco"."main"."stg_vendas"
GROUP BY cliente, categoria, valor
  );

16:06:43.854986 [debug]: Query executed on node model.meu_projeto.fct_vendas:
/* {"app": "dbt", "dbt_version": "2.0.0", "node_id": "model.meu_projeto.fct_vendas", "profile_name": "meu_projeto", "target_name": "dev"} */
alter view "meu_banco"."main"."fct_vendas" rename to "fct_vendas__dbt_backup"
16:06:43.858781 [debug]: Query executed on node model.meu_projeto.fct_vendas:
/* {"app": "dbt", "dbt_version": "2.0.0", "node_id": "model.meu_projeto.fct_vendas", "profile_name": "meu_projeto", "target_name": "dev"} */
alter view "meu_banco"."main"."fct_vendas__dbt_tmp" rename to "fct_vendas"
16:06:43.864968 [debug]: Query executed on node model.meu_projeto.fct_vendas:
/* {"app": "dbt", "dbt_version": "2.0.0", "node_id": "model.meu_projeto.fct_vendas", "profile_name": "meu_projeto", "target_name": "dev"} */

      drop view if exists "meu_banco"."main"."fct_vendas__dbt_backup" cascade
    
16:06:43.866164 [info ]: Finished running [  0.04s] model main.fct_vendas [success]
16:06:43.867476 [info ]:  Succeeded [  0.06s] model main.fct_vendas (view)
16:06:44.768576 [error]: [DbDriverFailed (dbt1308)]: Database Error in model stg_tips (target\run\meu_projeto\models\staging\stg_tips.sql)
  IO Error: No files found that match the pattern "../../../pandas/tips.csv"
  
  LINE 11: from read_csv_auto('../../../pandas/tips.csv')
                ^
  (in run\meu_projeto\models/staging\stg_tips.sql)
16:06:44.768719 [info ]: Finished running [  1.03s] model main.stg_tips [error]
16:06:44.769294 [info ]:     Failed [  1.04s] model main.stg_tips (view)
16:06:44.770068 [info ]: Started model main.fct_resumo
16:06:44.770100 [debug]: Started rendering model main.fct_resumo
16:06:44.770147 [debug]: Finished rendering [  0.00s] model main.fct_resumo [skipped]
16:06:44.770275 [info ]: Finished rendering [  1.04s] (4 nodes, 1 skipped, 0 errors)
16:06:44.771058 [debug]: Started analyzing model main.fct_resumo
16:06:44.771098 [debug]: Finished analyzing [  0.00s] model main.fct_resumo [skipped]
16:06:44.771215 [info ]: Finished analyzing [  1.04s] (4 nodes, 1 skipped, 0 errors)
16:06:44.771861 [info ]: Started running model main.fct_resumo
16:06:44.771904 [info ]: Finished running [  0.00s] model main.fct_resumo [skipped]
16:06:44.772037 [info ]: Finished running [  1.03s] (4 nodes, 1 skipped, 1 errors)
16:06:44.772526 [info ]:    Skipped [-------] model main.fct_resumo (view)
16:06:44.832811 [info ]: New version available 2.0.0-preview.210 (run `dbt system update`)
16:06:44.939004 [info ]: 
==================== Execution Summary =====================
Finished 'run' with 1 error for target 'dev' [1.9s]
Processed: 4 models
Summary: 4 total | 2 success | 1 error | 1 skipped
==================== 2026-08-19T16:07:22.703239Z | 01a01ac6-f94b-7810-a825-433798c6c5c4 ====================
16:07:22.703495 [info ]: dbt-fusion 2.0.0-preview.205
16:07:22.704388 [info ]: Started loading project
16:07:22.709036 [info ]: Loading ~/.dbt/profiles.yml
16:07:22.720510 [debug]:    Started loading packages
16:07:22.726503 [debug]:     Loaded [  0.01s] packages
16:07:22.728328 [info ]: Finished loading project [  0.02s]
16:07:22.729374 [info ]: Started parsing
16:07:22.790051 [debug]: Finished parsing models/staging/stg_tips.yml [  0.00s]
16:07:22.790491 [debug]: Finished parsing models/staging/stg_vendas.yml [  0.00s]
16:07:22.792924 [debug]: Finished parsing models/marts/fct_resumo.sql [  0.00s]
16:07:22.793634 [debug]: Finished parsing models/marts/fct_vendas.sql [  0.00s]
16:07:22.794382 [debug]: Finished parsing models/staging/stg_tips.sql [  0.00s]
16:07:22.795033 [debug]: Finished parsing models/staging/stg_vendas.sql [  0.00s]
16:07:22.809997 [debug]: Finished parsing target\generic_tests\not_null_stg_tips_day.sql [  0.00s]
16:07:22.811363 [debug]: Finished parsing target\generic_tests\not_null_stg_tips_sex.sql [  0.00s]
16:07:22.813696 [debug]: Finished parsing target\generic_tests\not_null_stg_tips_tip.sql [  0.00s]
16:07:22.814983 [debug]: Finished parsing target\generic_tests\not_null_stg_tips_total_bill.sql [  0.00s]
16:07:22.816325 [debug]: Finished parsing target\generic_tests\not_null_stg_vendas_cliente.sql [  0.00s]
16:07:22.817521 [debug]: Finished parsing target\generic_tests\unique_stg_vendas_id.sql [  0.00s]
16:07:22.818540 [debug]: Finished parsing target\generic_tests\not_null_stg_vendas_id.sql [  0.00s]
16:07:22.819440 [debug]: Finished parsing target\generic_tests\not_null_stg_vendas_valor.sql [  0.00s]
16:07:23.196614 [info ]: Finished parsing [  0.47s]
16:07:23.197804 [info ]: Started scheduling
16:07:23.198077 [info ]: Finished scheduling [  0.00s]
16:07:23.214040 [debug]: No platform credentials found, skipping remote license
16:07:23.214315 [debug]: License check failed: Feature not licensed: 'lineage'
16:07:23.214786 [info ]: Started building task graph
16:07:23.215114 [info ]: Finished building task graph [  0.00s]
16:07:23.262891 [debug]: Query executed on node unknown:
/* {"app": "dbt", "connection_name": "", "dbt_version": "2.0.0", "profile_name": "meu_projeto", "target_name": "dev"} */

    
    select schema_name
    from system.information_schema.schemata
    
    where lower(catalog_name) = '"meu_banco"'
    
  
  
16:07:23.264977 [debug]: Query executed on node unknown:
/* {"app": "dbt", "connection_name": "", "dbt_version": "2.0.0", "profile_name": "meu_projeto", "target_name": "dev"} */

    
        select type from duckdb_databases()
        where lower(database_name)='meu_banco'
        and type='sqlite'
    
  
16:07:23.265813 [debug]: Query executed on node unknown:
/* {"app": "dbt", "connection_name": "", "dbt_version": "2.0.0", "profile_name": "meu_projeto", "target_name": "dev"} */

    
    
        create schema if not exists "meu_banco"."main"
    
16:07:23.266017 [info ]: Started rendering (4 nodes)
16:07:23.266230 [info ]: Started model main.stg_vendas
16:07:23.266263 [debug]: Started rendering model main.stg_vendas
16:07:23.266323 [info ]: Started model main.stg_tips
16:07:23.266369 [debug]: Started rendering model main.stg_tips
16:07:23.268397 [debug]: Compiled SQL for node model.meu_projeto.stg_vendas at target\compiled\meu_projeto\models\staging\stg_vendas.sql
16:07:23.268843 [debug]: Compiled SQL for node model.meu_projeto.stg_tips at target\compiled\meu_projeto\models\staging\stg_tips.sql
16:07:23.268723 [debug]: Finished rendering [  0.00s] model main.stg_vendas [success]
16:07:23.269918 [info ]: Started analyzing (4 nodes)
16:07:23.270136 [debug]: Started analyzing model main.stg_vendas
16:07:23.270198 [debug]: Finished rendering [  0.00s] model main.stg_tips [success]
16:07:23.270868 [debug]: Started analyzing model main.stg_tips
16:07:23.279819 [debug]: Finished analyzing [  0.01s] model main.stg_vendas [success]
16:07:23.280416 [info ]: Started running (4 nodes)
16:07:23.280609 [info ]: Started running model main.stg_vendas
16:07:23.280666 [debug]: Finished analyzing [  0.01s] model main.stg_tips [success]
16:07:23.281071 [info ]: Started running model main.stg_tips
16:07:23.293356 [debug]: Query executed on node model.meu_projeto.stg_tips:
SELECT table_catalog, table_schema, table_name, table_type FROM information_schema.tables WHERE table_schema = 'main' AND lower(table_catalog) = lower('meu_banco')
16:07:23.293356 [debug]: Query executed on node model.meu_projeto.stg_vendas:
SELECT table_catalog, table_schema, table_name, table_type FROM information_schema.tables WHERE table_schema = 'main' AND lower(table_catalog) = lower('meu_banco')
16:07:23.301259 [debug]: Writing runtime sql for node "model.meu_projeto.stg_vendas"
16:07:23.304228 [debug]: Writing runtime sql for node "model.meu_projeto.stg_tips"
16:07:23.324631 [debug]: Query executed on node model.meu_projeto.stg_vendas:
/* {"app": "dbt", "dbt_version": "2.0.0", "node_id": "model.meu_projeto.stg_vendas", "profile_name": "meu_projeto", "target_name": "dev"} */

  
  create view "meu_banco"."main"."stg_vendas__dbt_tmp" as (
    SELECT
    id,
    cliente,
    categoria,
    valor,
    data_venda
from read_csv_auto('models\data\stg_vendas.csv')
  );

16:07:23.332028 [debug]: Query executed on node model.meu_projeto.stg_vendas:
/* {"app": "dbt", "dbt_version": "2.0.0", "node_id": "model.meu_projeto.stg_vendas", "profile_name": "meu_projeto", "target_name": "dev"} */
alter view "meu_banco"."main"."stg_vendas" rename to "stg_vendas__dbt_backup"
16:07:23.337689 [debug]: Query executed on node model.meu_projeto.stg_vendas:
/* {"app": "dbt", "dbt_version": "2.0.0", "node_id": "model.meu_projeto.stg_vendas", "profile_name": "meu_projeto", "target_name": "dev"} */
alter view "meu_banco"."main"."stg_vendas__dbt_tmp" rename to "stg_vendas"
16:07:23.340380 [debug]: Query executed on node model.meu_projeto.stg_tips:
/* {"app": "dbt", "dbt_version": "2.0.0", "node_id": "model.meu_projeto.stg_tips", "profile_name": "meu_projeto", "target_name": "dev"} */

  
  create view "meu_banco"."main"."stg_tips__dbt_tmp" as (
    select
    total_bill,
    tip,
    sex,
    day,
    total_bill + tip as valor_total
from read_csv_auto('models/data/tips.csv')
  );

16:07:23.346252 [debug]: Query executed on node model.meu_projeto.stg_vendas:
/* {"app": "dbt", "dbt_version": "2.0.0", "node_id": "model.meu_projeto.stg_vendas", "profile_name": "meu_projeto", "target_name": "dev"} */

      drop view if exists "meu_banco"."main"."stg_vendas__dbt_backup" cascade
    
16:07:23.347429 [info ]: Finished running [  0.07s] model main.stg_vendas [success]
16:07:23.348036 [debug]: Query executed on node model.meu_projeto.stg_tips:
/* {"app": "dbt", "dbt_version": "2.0.0", "node_id": "model.meu_projeto.stg_tips", "profile_name": "meu_projeto", "target_name": "dev"} */
alter view "meu_banco"."main"."stg_tips" rename to "stg_tips__dbt_backup"
16:07:23.347832 [info ]:  Succeeded [  0.08s] model main.stg_vendas (view)
16:07:23.348617 [info ]: Started model main.fct_vendas
16:07:23.348653 [debug]: Started rendering model main.fct_vendas
16:07:23.350595 [debug]: Compiled SQL for node model.meu_projeto.fct_vendas at target\compiled\meu_projeto\models\marts\fct_vendas.sql
16:07:23.350806 [debug]: Finished rendering [  0.00s] model main.fct_vendas [success]
16:07:23.351465 [debug]: Started analyzing model main.fct_vendas
16:07:23.354908 [debug]: Query executed on node model.meu_projeto.stg_tips:
/* {"app": "dbt", "dbt_version": "2.0.0", "node_id": "model.meu_projeto.stg_tips", "profile_name": "meu_projeto", "target_name": "dev"} */
alter view "meu_banco"."main"."stg_tips__dbt_tmp" rename to "stg_tips"
16:07:23.364143 [debug]: Query executed on node model.meu_projeto.stg_tips:
/* {"app": "dbt", "dbt_version": "2.0.0", "node_id": "model.meu_projeto.stg_tips", "profile_name": "meu_projeto", "target_name": "dev"} */

      drop view if exists "meu_banco"."main"."stg_tips__dbt_backup" cascade
    
16:07:23.365341 [info ]: Finished running [  0.08s] model main.stg_tips [success]
16:07:23.365835 [info ]:  Succeeded [  0.10s] model main.stg_tips (view)
16:07:23.366904 [info ]: Started model main.fct_resumo
16:07:23.366932 [debug]: Started rendering model main.fct_resumo
16:07:23.369871 [debug]: Compiled SQL for node model.meu_projeto.fct_resumo at target\compiled\meu_projeto\models\marts\fct_resumo.sql
16:07:23.370095 [debug]: Finished rendering [  0.00s] model main.fct_resumo [success]
16:07:23.370772 [info ]: Finished rendering [  0.10s] (4 nodes, 0 skipped, 0 errors)
16:07:23.371786 [debug]: Started analyzing model main.fct_resumo
16:07:23.372897 [debug]: Finished analyzing [  0.02s] model main.fct_vendas [success]
16:07:23.374122 [info ]: Started running model main.fct_vendas
16:07:23.374187 [debug]: Finished analyzing [  0.00s] model main.fct_resumo [success]
16:07:23.376341 [info ]: Finished analyzing [  0.11s] (4 nodes, 0 skipped, 0 errors)
16:07:23.376995 [info ]: Started running model main.fct_resumo
16:07:23.380705 [debug]: Writing runtime sql for node "model.meu_projeto.fct_vendas"
16:07:23.384286 [debug]: Writing runtime sql for node "model.meu_projeto.fct_resumo"
16:07:23.398508 [debug]: Query executed on node model.meu_projeto.fct_vendas:
/* {"app": "dbt", "dbt_version": "2.0.0", "node_id": "model.meu_projeto.fct_vendas", "profile_name": "meu_projeto", "target_name": "dev"} */

  
  create view "meu_banco"."main"."fct_vendas__dbt_tmp" as (
    SELECT
    cliente,
    categoria,
    SUM(valor) over () AS total_vendas,
    AVG(valor) over () AS media_vendas,
    COUNT(*) AS quantidade_vendas,
    ROUND( sum(valor) over() * 100.0 / SUM(valor) OVER (PARTITION BY cliente), 2 )as percentual_total
FROM "meu_banco"."main"."stg_vendas"
GROUP BY cliente, categoria, valor
  );

16:07:23.404996 [debug]: Query executed on node model.meu_projeto.fct_vendas:
/* {"app": "dbt", "dbt_version": "2.0.0", "node_id": "model.meu_projeto.fct_vendas", "profile_name": "meu_projeto", "target_name": "dev"} */
alter view "meu_banco"."main"."fct_vendas" rename to "fct_vendas__dbt_backup"
16:07:23.411790 [debug]: Query executed on node model.meu_projeto.fct_vendas:
/* {"app": "dbt", "dbt_version": "2.0.0", "node_id": "model.meu_projeto.fct_vendas", "profile_name": "meu_projeto", "target_name": "dev"} */
alter view "meu_banco"."main"."fct_vendas__dbt_tmp" rename to "fct_vendas"
16:07:23.417270 [debug]: Query executed on node model.meu_projeto.fct_vendas:
/* {"app": "dbt", "dbt_version": "2.0.0", "node_id": "model.meu_projeto.fct_vendas", "profile_name": "meu_projeto", "target_name": "dev"} */

      drop view if exists "meu_banco"."main"."fct_vendas__dbt_backup" cascade
    
16:07:23.418306 [info ]: Finished running [  0.04s] model main.fct_vendas [success]
16:07:23.418664 [info ]:  Succeeded [  0.07s] model main.fct_vendas (view)
16:07:23.419331 [debug]: Query executed on node model.meu_projeto.fct_resumo:
/* {"app": "dbt", "dbt_version": "2.0.0", "node_id": "model.meu_projeto.fct_resumo", "profile_name": "meu_projeto", "target_name": "dev"} */

  
  create view "meu_banco"."main"."fct_resumo__dbt_tmp" as (
    select
    day,
    sex,
    sum(valor_total) as total_vendas,
    avg(valor_total) as media_vendas,
    count(*) as quantidade
from "meu_banco"."main"."stg_tips"
group by 1,2
  );

16:07:23.425953 [debug]: Query executed on node model.meu_projeto.fct_resumo:
/* {"app": "dbt", "dbt_version": "2.0.0", "node_id": "model.meu_projeto.fct_resumo", "profile_name": "meu_projeto", "target_name": "dev"} */
alter view "meu_banco"."main"."fct_resumo" rename to "fct_resumo__dbt_backup"
16:07:23.430238 [debug]: Query executed on node model.meu_projeto.fct_resumo:
/* {"app": "dbt", "dbt_version": "2.0.0", "node_id": "model.meu_projeto.fct_resumo", "profile_name": "meu_projeto", "target_name": "dev"} */
alter view "meu_banco"."main"."fct_resumo__dbt_tmp" rename to "fct_resumo"
16:07:23.435755 [debug]: Query executed on node model.meu_projeto.fct_resumo:
/* {"app": "dbt", "dbt_version": "2.0.0", "node_id": "model.meu_projeto.fct_resumo", "profile_name": "meu_projeto", "target_name": "dev"} */

      drop view if exists "meu_banco"."main"."fct_resumo__dbt_backup" cascade
    
16:07:23.436931 [info ]: Finished running [  0.06s] model main.fct_resumo [success]
16:07:23.437292 [info ]: Finished running [  0.16s] (4 nodes, 0 skipped, 0 errors)
16:07:23.437673 [info ]:  Succeeded [  0.06s] model main.fct_resumo (view)
16:07:23.507456 [info ]: New version available 2.0.0-preview.210 (run `dbt system update`)
16:07:23.624757 [info ]: 
==================== Execution Summary =====================
Finished 'run' successfully for target 'dev' [921ms]
Processed: 4 models
Summary: 4 total | 4 success
==================== 2026-08-19T16:09:06.409385Z | 01a01ac8-8e47-7aa1-8d5c-9f79d31afc48 ====================
16:09:06.409756 [info ]: dbt-fusion 2.0.0-preview.205
16:09:06.417126 [info ]: Started loading project
16:09:06.425468 [info ]: Loading ~/.dbt/profiles.yml
16:09:06.442897 [debug]:    Started loading packages
16:09:06.449381 [debug]:     Loaded [  0.01s] packages
16:09:06.450680 [info ]: Finished loading project [  0.03s]
16:09:06.451755 [info ]: Started parsing
16:09:06.523206 [debug]: Finished parsing models/staging/stg_tips.yml [  0.00s]
16:09:06.523596 [debug]: Finished parsing models/staging/stg_vendas.yml [  0.00s]
16:09:06.526289 [debug]: Finished parsing models/marts/fct_resumo.sql [  0.00s]
16:09:06.531344 [debug]: Finished parsing models/marts/fct_vendas.sql [  0.00s]
16:09:06.532831 [debug]: Finished parsing models/staging/stg_tips.sql [  0.00s]
16:09:06.533707 [debug]: Finished parsing models/staging/stg_vendas.sql [  0.00s]
16:09:06.552011 [debug]: Finished parsing target\generic_tests\not_null_stg_tips_day.sql [  0.00s]
16:09:06.553658 [debug]: Finished parsing target\generic_tests\not_null_stg_tips_sex.sql [  0.00s]
16:09:06.555636 [debug]: Finished parsing target\generic_tests\not_null_stg_tips_tip.sql [  0.00s]
16:09:06.557129 [debug]: Finished parsing target\generic_tests\not_null_stg_tips_total_bill.sql [  0.00s]
16:09:06.558548 [debug]: Finished parsing target\generic_tests\not_null_stg_vendas_cliente.sql [  0.00s]
16:09:06.560434 [debug]: Finished parsing target\generic_tests\unique_stg_vendas_id.sql [  0.00s]
16:09:06.563626 [debug]: Finished parsing target\generic_tests\not_null_stg_vendas_id.sql [  0.00s]
16:09:06.566016 [debug]: Finished parsing target\generic_tests\not_null_stg_vendas_valor.sql [  0.00s]
16:09:06.574851 [error]: [JinjaError (dbt1501)]: Failed to render SQL unknown function: Jinja macro or function `test_valor` is unknown
(in target\generic_tests\valor_stg_vendas_valor.sql:1:1)
  --> target\generic_tests\valor_stg_vendas_valor.sql:1:1
16:09:06.574942 [debug]: Finished parsing target\generic_tests\valor_stg_vendas_valor.sql [  0.01s]
16:09:07.070426 [info ]: Finished parsing [  0.62s]
16:09:07.243495 [info ]: New version available 2.0.0-preview.210 (run `dbt system update`)
16:09:07.350313 [info ]: 
==================== Execution Summary =====================
Finished 'run' with 1 error for target 'dev' [940ms]
==================== 2026-08-19T16:14:20.814323Z | 01a01acd-5a8b-74e0-82d4-18c8fc22db8a ====================
16:14:20.814531 [info ]: dbt-fusion 2.0.0-preview.205
16:14:20.815107 [info ]: Started loading project
16:14:20.819795 [info ]: Loading ~/.dbt/profiles.yml
16:14:20.835262 [debug]:    Started loading packages
16:14:20.842518 [debug]:     Loaded [  0.01s] packages
16:14:20.844271 [info ]: Finished loading project [  0.03s]
16:14:20.845388 [info ]: Started parsing
16:14:20.915371 [debug]: Finished parsing models/staging/stg_tips.yml [  0.00s]
16:14:20.915848 [debug]: Finished parsing models/staging/stg_vendas.yml [  0.00s]
16:14:20.918489 [debug]: Finished parsing models/marts/fct_resumo.sql [  0.00s]
16:14:20.923747 [debug]: Finished parsing models/marts/fct_vendas.sql [  0.00s]
16:14:20.925633 [debug]: Finished parsing models/staging/stg_tips.sql [  0.00s]
16:14:20.926735 [debug]: Finished parsing models/staging/stg_vendas.sql [  0.00s]
16:14:20.941602 [debug]: Finished parsing target\generic_tests\not_null_stg_tips_day.sql [  0.00s]
16:14:20.942894 [debug]: Finished parsing target\generic_tests\not_null_stg_tips_sex.sql [  0.00s]
16:14:20.943788 [debug]: Finished parsing target\generic_tests\not_null_stg_tips_tip.sql [  0.00s]
16:14:20.944619 [debug]: Finished parsing target\generic_tests\not_null_stg_tips_total_bill.sql [  0.00s]
16:14:20.945472 [debug]: Finished parsing target\generic_tests\not_null_stg_vendas_cliente.sql [  0.00s]
16:14:20.946404 [debug]: Finished parsing target\generic_tests\unique_stg_vendas_id.sql [  0.00s]
16:14:20.947562 [debug]: Finished parsing target\generic_tests\not_null_stg_vendas_id.sql [  0.00s]
16:14:20.948822 [debug]: Finished parsing target\generic_tests\not_null_stg_vendas_valor.sql [  0.00s]
16:14:21.333262 [info ]: Finished parsing [  0.49s]
16:14:21.334537 [info ]: Started scheduling
16:14:21.334845 [info ]: Finished scheduling [  0.00s]
16:14:21.348371 [debug]: No platform credentials found, skipping remote license
16:14:21.348666 [debug]: License check failed: Feature not licensed: 'lineage'
16:14:21.349183 [info ]: Started building task graph
16:14:21.349463 [info ]: Finished building task graph [  0.00s]
16:14:21.400278 [debug]: Query executed on node unknown:
/* {"app": "dbt", "connection_name": "", "dbt_version": "2.0.0", "profile_name": "meu_projeto", "target_name": "dev"} */

    
    select schema_name
    from system.information_schema.schemata
    
    where lower(catalog_name) = '"meu_banco"'
    
  
  
16:14:21.402578 [debug]: Query executed on node unknown:
/* {"app": "dbt", "connection_name": "", "dbt_version": "2.0.0", "profile_name": "meu_projeto", "target_name": "dev"} */

    
        select type from duckdb_databases()
        where lower(database_name)='meu_banco'
        and type='sqlite'
    
  
16:14:21.403653 [debug]: Query executed on node unknown:
/* {"app": "dbt", "connection_name": "", "dbt_version": "2.0.0", "profile_name": "meu_projeto", "target_name": "dev"} */

    
    
        create schema if not exists "meu_banco"."main"
    
16:14:21.403933 [info ]: Started rendering (4 nodes)
16:14:21.404158 [info ]: Started model main.stg_vendas
16:14:21.404185 [debug]: Started rendering model main.stg_vendas
16:14:21.404247 [info ]: Started model main.stg_tips
16:14:21.404283 [debug]: Started rendering model main.stg_tips
16:14:21.406182 [debug]: Compiled SQL for node model.meu_projeto.stg_vendas at target\compiled\meu_projeto\models\staging\stg_vendas.sql
16:14:21.406450 [debug]: Compiled SQL for node model.meu_projeto.stg_tips at target\compiled\meu_projeto\models\staging\stg_tips.sql
16:14:21.406396 [debug]: Finished rendering [  0.00s] model main.stg_vendas [success]
16:14:21.407839 [info ]: Started analyzing (4 nodes)
16:14:21.408182 [debug]: Started analyzing model main.stg_vendas
16:14:21.408243 [debug]: Finished rendering [  0.00s] model main.stg_tips [success]
16:14:21.408577 [debug]: Started analyzing model main.stg_tips
16:14:21.417452 [debug]: Finished analyzing [  0.01s] model main.stg_vendas [success]
16:14:21.417875 [info ]: Started running (4 nodes)
16:14:21.418099 [info ]: Started running model main.stg_vendas
16:14:21.419286 [debug]: Finished analyzing [  0.01s] model main.stg_tips [success]
16:14:21.419725 [info ]: Started running model main.stg_tips
16:14:21.429275 [debug]: Query executed on node model.meu_projeto.stg_tips:
SELECT table_catalog, table_schema, table_name, table_type FROM information_schema.tables WHERE table_schema = 'main' AND lower(table_catalog) = lower('meu_banco')
16:14:21.429275 [debug]: Query executed on node model.meu_projeto.stg_vendas:
SELECT table_catalog, table_schema, table_name, table_type FROM information_schema.tables WHERE table_schema = 'main' AND lower(table_catalog) = lower('meu_banco')
16:14:21.436477 [debug]: Writing runtime sql for node "model.meu_projeto.stg_tips"
16:14:21.437243 [debug]: Writing runtime sql for node "model.meu_projeto.stg_vendas"
16:14:21.458813 [debug]: Query executed on node model.meu_projeto.stg_vendas:
/* {"app": "dbt", "dbt_version": "2.0.0", "node_id": "model.meu_projeto.stg_vendas", "profile_name": "meu_projeto", "target_name": "dev"} */

  
  create view "meu_banco"."main"."stg_vendas__dbt_tmp" as (
    SELECT
    id,
    cliente,
    categoria,
    valor,
    data_venda
from read_csv_auto('models\data\stg_vendas.csv')
  );

16:14:21.466553 [debug]: Query executed on node model.meu_projeto.stg_vendas:
/* {"app": "dbt", "dbt_version": "2.0.0", "node_id": "model.meu_projeto.stg_vendas", "profile_name": "meu_projeto", "target_name": "dev"} */
alter view "meu_banco"."main"."stg_vendas" rename to "stg_vendas__dbt_backup"
16:14:21.473173 [debug]: Query executed on node model.meu_projeto.stg_vendas:
/* {"app": "dbt", "dbt_version": "2.0.0", "node_id": "model.meu_projeto.stg_vendas", "profile_name": "meu_projeto", "target_name": "dev"} */
alter view "meu_banco"."main"."stg_vendas__dbt_tmp" rename to "stg_vendas"
16:14:21.477117 [debug]: Query executed on node model.meu_projeto.stg_tips:
/* {"app": "dbt", "dbt_version": "2.0.0", "node_id": "model.meu_projeto.stg_tips", "profile_name": "meu_projeto", "target_name": "dev"} */

  
  create view "meu_banco"."main"."stg_tips__dbt_tmp" as (
    select
    total_bill,
    tip,
    sex,
    day,
    total_bill + tip as valor_total
from read_csv_auto('models/data/tips.csv')
  );

16:14:21.483499 [debug]: Query executed on node model.meu_projeto.stg_vendas:
/* {"app": "dbt", "dbt_version": "2.0.0", "node_id": "model.meu_projeto.stg_vendas", "profile_name": "meu_projeto", "target_name": "dev"} */

      drop view if exists "meu_banco"."main"."stg_vendas__dbt_backup" cascade
    
16:14:21.484870 [debug]: Query executed on node model.meu_projeto.stg_tips:
/* {"app": "dbt", "dbt_version": "2.0.0", "node_id": "model.meu_projeto.stg_tips", "profile_name": "meu_projeto", "target_name": "dev"} */
alter view "meu_banco"."main"."stg_tips" rename to "stg_tips__dbt_backup"
16:14:21.484817 [info ]: Finished running [  0.07s] model main.stg_vendas [success]
16:14:21.485433 [info ]:  Succeeded [  0.08s] model main.stg_vendas (view)
16:14:21.486079 [info ]: Started model main.fct_vendas
16:14:21.486112 [debug]: Started rendering model main.fct_vendas
16:14:21.488530 [debug]: Compiled SQL for node model.meu_projeto.fct_vendas at target\compiled\meu_projeto\models\marts\fct_vendas.sql
16:14:21.488748 [debug]: Finished rendering [  0.00s] model main.fct_vendas [success]
16:14:21.491799 [debug]: Started analyzing model main.fct_vendas
16:14:21.493263 [debug]: Query executed on node model.meu_projeto.stg_tips:
/* {"app": "dbt", "dbt_version": "2.0.0", "node_id": "model.meu_projeto.stg_tips", "profile_name": "meu_projeto", "target_name": "dev"} */
alter view "meu_banco"."main"."stg_tips__dbt_tmp" rename to "stg_tips"
16:14:21.502233 [debug]: Query executed on node model.meu_projeto.stg_tips:
/* {"app": "dbt", "dbt_version": "2.0.0", "node_id": "model.meu_projeto.stg_tips", "profile_name": "meu_projeto", "target_name": "dev"} */

      drop view if exists "meu_banco"."main"."stg_tips__dbt_backup" cascade
    
16:14:21.503268 [info ]: Finished running [  0.08s] model main.stg_tips [success]
16:14:21.503770 [info ]:  Succeeded [  0.10s] model main.stg_tips (view)
16:14:21.504854 [info ]: Started model main.fct_resumo
16:14:21.504886 [debug]: Started rendering model main.fct_resumo
16:14:21.507856 [debug]: Compiled SQL for node model.meu_projeto.fct_resumo at target\compiled\meu_projeto\models\marts\fct_resumo.sql
16:14:21.511180 [debug]: Finished rendering [  0.01s] model main.fct_resumo [success]
16:14:21.511850 [info ]: Finished rendering [  0.11s] (4 nodes, 0 skipped, 0 errors)
16:14:21.512837 [debug]: Started analyzing model main.fct_resumo
16:14:21.515825 [debug]: Finished analyzing [  0.00s] model main.fct_resumo [success]
16:14:21.516282 [info ]: Started running model main.fct_resumo
16:14:21.516340 [debug]: Finished analyzing [  0.02s] model main.fct_vendas [success]
16:14:21.516722 [info ]: Finished analyzing [  0.11s] (4 nodes, 0 skipped, 0 errors)
16:14:21.517315 [info ]: Started running model main.fct_vendas
16:14:21.523802 [debug]: Writing runtime sql for node "model.meu_projeto.fct_resumo"
16:14:21.524170 [debug]: Writing runtime sql for node "model.meu_projeto.fct_vendas"
16:14:21.547383 [debug]: Query executed on node model.meu_projeto.fct_vendas:
/* {"app": "dbt", "dbt_version": "2.0.0", "node_id": "model.meu_projeto.fct_vendas", "profile_name": "meu_projeto", "target_name": "dev"} */

  
  create view "meu_banco"."main"."fct_vendas__dbt_tmp" as (
    SELECT
    cliente,
    COUNT(*) AS quantidade_vendas,
    SUM(valor) AS total_vendas,
    AVG(valor) AS media_vendas,
    max(valor) as maior_venda,
    min(valor) as menor_venda,
    dense_rank() over (order by sum(valor) desc) as ranking_cliente,
    ROUND( sum(valor) over() * 100.0 / SUM(valor) OVER (PARTITION BY cliente), 2 )as percentual_total
FROM "meu_banco"."main"."stg_vendas"
GROUP BY cliente
  );

16:14:21.562066 [debug]: Query executed on node model.meu_projeto.fct_resumo:
/* {"app": "dbt", "dbt_version": "2.0.0", "node_id": "model.meu_projeto.fct_resumo", "profile_name": "meu_projeto", "target_name": "dev"} */

  
  create view "meu_banco"."main"."fct_resumo__dbt_tmp" as (
    select
    day,
    sex,
    sum(valor_total) as total_vendas,
    avg(valor_total) as media_vendas,
    count(*) as quantidade
from "meu_banco"."main"."stg_tips"
group by 1,2
  );

16:14:21.568364 [debug]: Query executed on node model.meu_projeto.fct_resumo:
/* {"app": "dbt", "dbt_version": "2.0.0", "node_id": "model.meu_projeto.fct_resumo", "profile_name": "meu_projeto", "target_name": "dev"} */
alter view "meu_banco"."main"."fct_resumo" rename to "fct_resumo__dbt_backup"
16:14:21.577511 [debug]: Query executed on node model.meu_projeto.fct_resumo:
/* {"app": "dbt", "dbt_version": "2.0.0", "node_id": "model.meu_projeto.fct_resumo", "profile_name": "meu_projeto", "target_name": "dev"} */
alter view "meu_banco"."main"."fct_resumo__dbt_tmp" rename to "fct_resumo"
16:14:21.585184 [debug]: Query executed on node model.meu_projeto.fct_resumo:
/* {"app": "dbt", "dbt_version": "2.0.0", "node_id": "model.meu_projeto.fct_resumo", "profile_name": "meu_projeto", "target_name": "dev"} */

      drop view if exists "meu_banco"."main"."fct_resumo__dbt_backup" cascade
    
16:14:21.586323 [info ]: Finished running [  0.07s] model main.fct_resumo [success]
16:14:21.590971 [info ]:  Succeeded [  0.08s] model main.fct_resumo (view)
16:14:22.548107 [error]: [DbDriverFailed (dbt1308)]: Database Error in model fct_vendas (target\run\meu_projeto\models\marts\fct_vendas.sql)
  Binder Error: column "valor" must appear in the GROUP BY clause or must be part of an aggregate function.
  Either add it to the GROUP BY list, or use "ANY_VALUE(valor)" if the exact value of "valor" is not important.
  
  LINE 13:     ROUND( sum(valor) over() * 100.0 / SUM(valor) OVER (PARTITION BY cliente...
                          ^
  (in run\meu_projeto\models/marts\fct_vendas.sql)
16:14:22.548773 [info ]: Finished running [  1.03s] model main.fct_vendas [error]
16:14:22.550109 [info ]: Finished running [  1.13s] (4 nodes, 0 skipped, 1 errors)
16:14:22.551218 [info ]:     Failed [  1.06s] model main.fct_vendas (view)
16:14:22.635595 [info ]: New version available 2.0.0-preview.210 (run `dbt system update`)
16:14:22.740986 [info ]: 
==================== Execution Summary =====================
Finished 'run' with 1 error for target 'dev' [1.9s]
Processed: 4 models
Summary: 4 total | 3 success | 1 error
==================== 2026-08-19T16:14:32.036657Z | 01a01acd-8660-7e72-a22e-68930189b27a ====================
16:14:32.036933 [info ]: dbt-fusion 2.0.0-preview.205
16:14:32.037564 [info ]: Started loading project
16:14:32.042276 [info ]: Loading ~/.dbt/profiles.yml
16:14:32.057708 [debug]:    Started loading packages
16:14:32.065191 [debug]:     Loaded [  0.01s] packages
16:14:32.067430 [info ]: Finished loading project [  0.03s]
16:14:32.070873 [info ]: Started parsing
16:14:32.142961 [debug]: Finished parsing models/staging/stg_tips.yml [  0.00s]
16:14:32.143372 [debug]: Finished parsing models/staging/stg_vendas.yml [  0.00s]
16:14:32.145931 [debug]: Finished parsing models/marts/fct_resumo.sql [  0.00s]
16:14:32.146585 [debug]: Finished parsing models/marts/fct_vendas.sql [  0.00s]
16:14:32.147419 [debug]: Finished parsing models/staging/stg_tips.sql [  0.00s]
16:14:32.148077 [debug]: Finished parsing models/staging/stg_vendas.sql [  0.00s]
16:14:32.164115 [debug]: Finished parsing target\generic_tests\not_null_stg_tips_day.sql [  0.00s]
16:14:32.165080 [debug]: Finished parsing target\generic_tests\not_null_stg_tips_sex.sql [  0.00s]
16:14:32.166270 [debug]: Finished parsing target\generic_tests\not_null_stg_tips_tip.sql [  0.00s]
16:14:32.167984 [debug]: Finished parsing target\generic_tests\not_null_stg_tips_total_bill.sql [  0.00s]
16:14:32.169142 [debug]: Finished parsing target\generic_tests\not_null_stg_vendas_cliente.sql [  0.00s]
16:14:32.169983 [debug]: Finished parsing target\generic_tests\unique_stg_vendas_id.sql [  0.00s]
16:14:32.170823 [debug]: Finished parsing target\generic_tests\not_null_stg_vendas_id.sql [  0.00s]
16:14:32.171655 [debug]: Finished parsing target\generic_tests\not_null_stg_vendas_valor.sql [  0.00s]
16:14:32.631687 [info ]: Finished parsing [  0.56s]
16:14:32.633526 [info ]: Started scheduling
16:14:32.633879 [info ]: Finished scheduling [  0.00s]
16:14:32.649067 [debug]: No platform credentials found, skipping remote license
16:14:32.649455 [debug]: License check failed: Feature not licensed: 'lineage'
16:14:32.650268 [info ]: Started building task graph
16:14:32.650663 [info ]: Finished building task graph [  0.00s]
16:14:32.703937 [debug]: Query executed on node unknown:
/* {"app": "dbt", "connection_name": "", "dbt_version": "2.0.0", "profile_name": "meu_projeto", "target_name": "dev"} */

    
    select schema_name
    from system.information_schema.schemata
    
    where lower(catalog_name) = '"meu_banco"'
    
  
  
16:14:32.706011 [debug]: Query executed on node unknown:
/* {"app": "dbt", "connection_name": "", "dbt_version": "2.0.0", "profile_name": "meu_projeto", "target_name": "dev"} */

    
        select type from duckdb_databases()
        where lower(database_name)='meu_banco'
        and type='sqlite'
    
  
16:14:32.706978 [debug]: Query executed on node unknown:
/* {"app": "dbt", "connection_name": "", "dbt_version": "2.0.0", "profile_name": "meu_projeto", "target_name": "dev"} */

    
    
        create schema if not exists "meu_banco"."main"
    
16:14:32.707181 [info ]: Started rendering (4 nodes)
16:14:32.707376 [info ]: Started model main.stg_vendas
16:14:32.707405 [debug]: Started rendering model main.stg_vendas
16:14:32.707463 [info ]: Started model main.stg_tips
16:14:32.707515 [debug]: Started rendering model main.stg_tips
16:14:32.709651 [debug]: Compiled SQL for node model.meu_projeto.stg_vendas at target\compiled\meu_projeto\models\staging\stg_vendas.sql
16:14:32.710323 [debug]: Compiled SQL for node model.meu_projeto.stg_tips at target\compiled\meu_projeto\models\staging\stg_tips.sql
16:14:32.710135 [debug]: Finished rendering [  0.00s] model main.stg_vendas [success]
16:14:32.711630 [info ]: Started analyzing (4 nodes)
16:14:32.711819 [debug]: Started analyzing model main.stg_vendas
16:14:32.711887 [debug]: Finished rendering [  0.00s] model main.stg_tips [success]
16:14:32.712867 [debug]: Started analyzing model main.stg_tips
16:14:32.722320 [debug]: Finished analyzing [  0.01s] model main.stg_vendas [success]
16:14:32.722681 [info ]: Started running (4 nodes)
16:14:32.722960 [info ]: Started running model main.stg_vendas
16:14:32.723188 [debug]: Finished analyzing [  0.01s] model main.stg_tips [success]
16:14:32.723551 [info ]: Started running model main.stg_tips
16:14:32.737735 [debug]: Query executed on node model.meu_projeto.stg_vendas:
SELECT table_catalog, table_schema, table_name, table_type FROM information_schema.tables WHERE table_schema = 'main' AND lower(table_catalog) = lower('meu_banco')
16:14:32.737735 [debug]: Query executed on node model.meu_projeto.stg_tips:
SELECT table_catalog, table_schema, table_name, table_type FROM information_schema.tables WHERE table_schema = 'main' AND lower(table_catalog) = lower('meu_banco')
16:14:32.741984 [debug]: Writing runtime sql for node "model.meu_projeto.stg_vendas"
16:14:32.743226 [debug]: Writing runtime sql for node "model.meu_projeto.stg_tips"
16:14:32.765864 [debug]: Query executed on node model.meu_projeto.stg_vendas:
/* {"app": "dbt", "dbt_version": "2.0.0", "node_id": "model.meu_projeto.stg_vendas", "profile_name": "meu_projeto", "target_name": "dev"} */

  
  create view "meu_banco"."main"."stg_vendas__dbt_tmp" as (
    SELECT
    id,
    cliente,
    categoria,
    valor,
    data_venda
from read_csv_auto('models\data\stg_vendas.csv')
  );

16:14:32.773976 [debug]: Query executed on node model.meu_projeto.stg_vendas:
/* {"app": "dbt", "dbt_version": "2.0.0", "node_id": "model.meu_projeto.stg_vendas", "profile_name": "meu_projeto", "target_name": "dev"} */
alter view "meu_banco"."main"."stg_vendas" rename to "stg_vendas__dbt_backup"
16:14:32.778533 [debug]: Query executed on node model.meu_projeto.stg_vendas:
/* {"app": "dbt", "dbt_version": "2.0.0", "node_id": "model.meu_projeto.stg_vendas", "profile_name": "meu_projeto", "target_name": "dev"} */
alter view "meu_banco"."main"."stg_vendas__dbt_tmp" rename to "stg_vendas"
16:14:32.780116 [debug]: Query executed on node model.meu_projeto.stg_tips:
/* {"app": "dbt", "dbt_version": "2.0.0", "node_id": "model.meu_projeto.stg_tips", "profile_name": "meu_projeto", "target_name": "dev"} */

  
  create view "meu_banco"."main"."stg_tips__dbt_tmp" as (
    select
    total_bill,
    tip,
    sex,
    day,
    total_bill + tip as valor_total
from read_csv_auto('models/data/tips.csv')
  );

16:14:32.786170 [debug]: Query executed on node model.meu_projeto.stg_vendas:
/* {"app": "dbt", "dbt_version": "2.0.0", "node_id": "model.meu_projeto.stg_vendas", "profile_name": "meu_projeto", "target_name": "dev"} */

      drop view if exists "meu_banco"."main"."stg_vendas__dbt_backup" cascade
    
16:14:32.787645 [debug]: Query executed on node model.meu_projeto.stg_tips:
/* {"app": "dbt", "dbt_version": "2.0.0", "node_id": "model.meu_projeto.stg_tips", "profile_name": "meu_projeto", "target_name": "dev"} */
alter view "meu_banco"."main"."stg_tips" rename to "stg_tips__dbt_backup"
16:14:32.787451 [info ]: Finished running [  0.06s] model main.stg_vendas [success]
16:14:32.787982 [info ]:  Succeeded [  0.08s] model main.stg_vendas (view)
16:14:32.788621 [info ]: Started model main.fct_vendas
16:14:32.788683 [debug]: Started rendering model main.fct_vendas
16:14:32.790793 [debug]: Compiled SQL for node model.meu_projeto.fct_vendas at target\compiled\meu_projeto\models\marts\fct_vendas.sql
16:14:32.791215 [debug]: Finished rendering [  0.00s] model main.fct_vendas [success]
16:14:32.792000 [debug]: Started analyzing model main.fct_vendas
16:14:32.794413 [debug]: Query executed on node model.meu_projeto.stg_tips:
/* {"app": "dbt", "dbt_version": "2.0.0", "node_id": "model.meu_projeto.stg_tips", "profile_name": "meu_projeto", "target_name": "dev"} */
alter view "meu_banco"."main"."stg_tips__dbt_tmp" rename to "stg_tips"
16:14:32.803826 [debug]: Query executed on node model.meu_projeto.stg_tips:
/* {"app": "dbt", "dbt_version": "2.0.0", "node_id": "model.meu_projeto.stg_tips", "profile_name": "meu_projeto", "target_name": "dev"} */

      drop view if exists "meu_banco"."main"."stg_tips__dbt_backup" cascade
    
16:14:32.804752 [info ]: Finished running [  0.08s] model main.stg_tips [success]
16:14:32.805301 [info ]:  Succeeded [  0.10s] model main.stg_tips (view)
16:14:32.806919 [info ]: Started model main.fct_resumo
16:14:32.806960 [debug]: Started rendering model main.fct_resumo
16:14:32.809522 [debug]: Compiled SQL for node model.meu_projeto.fct_resumo at target\compiled\meu_projeto\models\marts\fct_resumo.sql
16:14:32.809775 [debug]: Finished rendering [  0.00s] model main.fct_resumo [success]
16:14:32.810733 [info ]: Finished rendering [  0.10s] (4 nodes, 0 skipped, 0 errors)
16:14:32.811624 [debug]: Started analyzing model main.fct_resumo
16:14:32.815699 [debug]: Finished analyzing [  0.02s] model main.fct_vendas [success]
16:14:32.816544 [info ]: Started running model main.fct_vendas
16:14:32.816609 [debug]: Finished analyzing [  0.00s] model main.fct_resumo [success]
16:14:32.817288 [info ]: Finished analyzing [  0.11s] (4 nodes, 0 skipped, 0 errors)
16:14:32.817939 [info ]: Started running model main.fct_resumo
16:14:32.824745 [debug]: Writing runtime sql for node "model.meu_projeto.fct_vendas"
16:14:32.826622 [debug]: Writing runtime sql for node "model.meu_projeto.fct_resumo"
16:14:32.846728 [debug]: Query executed on node model.meu_projeto.fct_vendas:
/* {"app": "dbt", "dbt_version": "2.0.0", "node_id": "model.meu_projeto.fct_vendas", "profile_name": "meu_projeto", "target_name": "dev"} */

  
  create view "meu_banco"."main"."fct_vendas__dbt_tmp" as (
    SELECT
    cliente,
    COUNT(*) AS quantidade_vendas,
    SUM(valor) AS total_vendas,
    AVG(valor) AS media_vendas,
    max(valor) as maior_venda,
    min(valor) as menor_venda,
    dense_rank() over (order by sum(valor) desc) as ranking_cliente,
    ROUND( sum(valor) over() * 100.0 / SUM(valor) OVER (PARTITION BY cliente), 2 )as percentual_total
FROM "meu_banco"."main"."stg_vendas"
GROUP BY cliente, valor
  );

16:14:32.852762 [debug]: Query executed on node model.meu_projeto.fct_vendas:
/* {"app": "dbt", "dbt_version": "2.0.0", "node_id": "model.meu_projeto.fct_vendas", "profile_name": "meu_projeto", "target_name": "dev"} */
alter view "meu_banco"."main"."fct_vendas" rename to "fct_vendas__dbt_backup"
16:14:32.859247 [debug]: Query executed on node model.meu_projeto.fct_vendas:
/* {"app": "dbt", "dbt_version": "2.0.0", "node_id": "model.meu_projeto.fct_vendas", "profile_name": "meu_projeto", "target_name": "dev"} */
alter view "meu_banco"."main"."fct_vendas__dbt_tmp" rename to "fct_vendas"
16:14:32.867845 [debug]: Query executed on node model.meu_projeto.fct_vendas:
/* {"app": "dbt", "dbt_version": "2.0.0", "node_id": "model.meu_projeto.fct_vendas", "profile_name": "meu_projeto", "target_name": "dev"} */

      drop view if exists "meu_banco"."main"."fct_vendas__dbt_backup" cascade
    
16:14:32.869286 [debug]: Query executed on node model.meu_projeto.fct_resumo:
/* {"app": "dbt", "dbt_version": "2.0.0", "node_id": "model.meu_projeto.fct_resumo", "profile_name": "meu_projeto", "target_name": "dev"} */

  
  create view "meu_banco"."main"."fct_resumo__dbt_tmp" as (
    select
    day,
    sex,
    sum(valor_total) as total_vendas,
    avg(valor_total) as media_vendas,
    count(*) as quantidade
from "meu_banco"."main"."stg_tips"
group by 1,2
  );

16:14:32.869352 [info ]: Finished running [  0.05s] model main.fct_vendas [success]
16:14:32.869741 [info ]:  Succeeded [  0.08s] model main.fct_vendas (view)
16:14:32.875225 [debug]: Query executed on node model.meu_projeto.fct_resumo:
/* {"app": "dbt", "dbt_version": "2.0.0", "node_id": "model.meu_projeto.fct_resumo", "profile_name": "meu_projeto", "target_name": "dev"} */
alter view "meu_banco"."main"."fct_resumo" rename to "fct_resumo__dbt_backup"
16:14:32.880180 [debug]: Query executed on node model.meu_projeto.fct_resumo:
/* {"app": "dbt", "dbt_version": "2.0.0", "node_id": "model.meu_projeto.fct_resumo", "profile_name": "meu_projeto", "target_name": "dev"} */
alter view "meu_banco"."main"."fct_resumo__dbt_tmp" rename to "fct_resumo"
16:14:32.888290 [debug]: Query executed on node model.meu_projeto.fct_resumo:
/* {"app": "dbt", "dbt_version": "2.0.0", "node_id": "model.meu_projeto.fct_resumo", "profile_name": "meu_projeto", "target_name": "dev"} */

      drop view if exists "meu_banco"."main"."fct_resumo__dbt_backup" cascade
    
16:14:32.889342 [info ]: Finished running [  0.07s] model main.fct_resumo [success]
16:14:32.889743 [info ]: Finished running [  0.17s] (4 nodes, 0 skipped, 0 errors)
16:14:32.890353 [info ]:  Succeeded [  0.08s] model main.fct_resumo (view)
16:14:32.961012 [info ]: New version available 2.0.0-preview.210 (run `dbt system update`)
16:14:33.068744 [info ]: 
==================== Execution Summary =====================
Finished 'run' successfully for target 'dev' [1.0s]
Processed: 4 models
Summary: 4 total | 4 success
==================== 2026-08-19T16:15:17.498867Z | 01a01ace-37f5-7130-a31f-ac1bbb191043 ====================
16:15:17.499179 [info ]: dbt-fusion 2.0.0-preview.205
16:15:17.499947 [info ]: Started loading project
16:15:17.505833 [info ]: Loading ~/.dbt/profiles.yml
16:15:17.521014 [debug]:    Started loading packages
16:15:17.526820 [debug]:     Loaded [  0.01s] packages
16:15:17.528184 [info ]: Finished loading project [  0.03s]
16:15:17.529313 [info ]: Started parsing
16:15:17.605351 [debug]: Finished parsing models/staging/stg_tips.yml [  0.00s]
16:15:17.605858 [debug]: Finished parsing models/staging/stg_vendas.yml [  0.00s]
16:15:17.608486 [debug]: Finished parsing models/marts/fct_resumo.sql [  0.00s]
16:15:17.609313 [debug]: Finished parsing models/marts/fct_vendas.sql [  0.00s]
16:15:17.610128 [debug]: Finished parsing models/staging/stg_tips.sql [  0.00s]
16:15:17.612115 [debug]: Finished parsing models/staging/stg_vendas.sql [  0.00s]
16:15:17.629437 [debug]: Finished parsing target\generic_tests\not_null_stg_tips_day.sql [  0.00s]
16:15:17.630937 [debug]: Finished parsing target\generic_tests\not_null_stg_tips_sex.sql [  0.00s]
16:15:17.632357 [debug]: Finished parsing target\generic_tests\not_null_stg_tips_tip.sql [  0.00s]
16:15:17.633501 [debug]: Finished parsing target\generic_tests\not_null_stg_tips_total_bill.sql [  0.00s]
16:15:17.634581 [debug]: Finished parsing target\generic_tests\not_null_stg_vendas_cliente.sql [  0.00s]
16:15:17.635591 [debug]: Finished parsing target\generic_tests\unique_stg_vendas_id.sql [  0.00s]
16:15:17.637506 [debug]: Finished parsing target\generic_tests\not_null_stg_vendas_id.sql [  0.00s]
16:15:17.638987 [debug]: Finished parsing target\generic_tests\not_null_stg_vendas_valor.sql [  0.00s]
16:15:18.243215 [info ]: Finished parsing [  0.71s]
16:15:18.244419 [info ]: Started scheduling
16:15:18.244764 [info ]: Finished scheduling [  0.00s]
16:15:18.261778 [debug]: No platform credentials found, skipping remote license
16:15:18.262099 [debug]: License check failed: Feature not licensed: 'lineage'
16:15:18.262572 [info ]: Started building task graph
16:15:18.262909 [info ]: Finished building task graph [  0.00s]
16:15:18.323242 [debug]: Query executed on node unknown:
/* {"app": "dbt", "connection_name": "", "dbt_version": "2.0.0", "profile_name": "meu_projeto", "target_name": "dev"} */

    
    select schema_name
    from system.information_schema.schemata
    
    where lower(catalog_name) = '"meu_banco"'
    
  
  
16:15:18.325656 [debug]: Query executed on node unknown:
/* {"app": "dbt", "connection_name": "", "dbt_version": "2.0.0", "profile_name": "meu_projeto", "target_name": "dev"} */

    
        select type from duckdb_databases()
        where lower(database_name)='meu_banco'
        and type='sqlite'
    
  
16:15:18.326835 [debug]: Query executed on node unknown:
/* {"app": "dbt", "connection_name": "", "dbt_version": "2.0.0", "profile_name": "meu_projeto", "target_name": "dev"} */

    
    
        create schema if not exists "meu_banco"."main"
    
16:15:18.327165 [info ]: Started rendering (4 nodes)
16:15:18.327434 [info ]: Started model main.stg_vendas
16:15:18.327493 [debug]: Started rendering model main.stg_vendas
16:15:18.328359 [info ]: Started model main.stg_tips
16:15:18.328431 [debug]: Started rendering model main.stg_tips
16:15:18.329916 [debug]: Compiled SQL for node model.meu_projeto.stg_vendas at target\compiled\meu_projeto\models\staging\stg_vendas.sql
16:15:18.330933 [debug]: Compiled SQL for node model.meu_projeto.stg_tips at target\compiled\meu_projeto\models\staging\stg_tips.sql
16:15:18.331146 [debug]: Finished rendering [  0.00s] model main.stg_vendas [success]
16:15:18.333434 [info ]: Started analyzing (4 nodes)
16:15:18.333631 [debug]: Started analyzing model main.stg_vendas
16:15:18.333744 [debug]: Finished rendering [  0.01s] model main.stg_tips [success]
16:15:18.334880 [debug]: Started analyzing model main.stg_tips
16:15:18.345046 [debug]: Finished analyzing [  0.01s] model main.stg_vendas [success]
16:15:18.345489 [info ]: Started running (4 nodes)
16:15:18.345671 [info ]: Started running model main.stg_vendas
16:15:18.345719 [debug]: Finished analyzing [  0.01s] model main.stg_tips [success]
16:15:18.346071 [info ]: Started running model main.stg_tips
16:15:18.360607 [debug]: Query executed on node model.meu_projeto.stg_tips:
SELECT table_catalog, table_schema, table_name, table_type FROM information_schema.tables WHERE table_schema = 'main' AND lower(table_catalog) = lower('meu_banco')
16:15:18.360607 [debug]: Query executed on node model.meu_projeto.stg_vendas:
SELECT table_catalog, table_schema, table_name, table_type FROM information_schema.tables WHERE table_schema = 'main' AND lower(table_catalog) = lower('meu_banco')
16:15:18.365382 [debug]: Writing runtime sql for node "model.meu_projeto.stg_vendas"
16:15:18.366559 [debug]: Writing runtime sql for node "model.meu_projeto.stg_tips"
16:15:18.386997 [debug]: Query executed on node model.meu_projeto.stg_vendas:
/* {"app": "dbt", "dbt_version": "2.0.0", "node_id": "model.meu_projeto.stg_vendas", "profile_name": "meu_projeto", "target_name": "dev"} */

  
  create view "meu_banco"."main"."stg_vendas__dbt_tmp" as (
    SELECT
    id,
    cliente,
    categoria,
    valor,
    data_venda
from read_csv_auto('models\data\stg_vendas.csv')
  );

16:15:18.388296 [debug]: Query executed on node model.meu_projeto.stg_tips:
/* {"app": "dbt", "dbt_version": "2.0.0", "node_id": "model.meu_projeto.stg_tips", "profile_name": "meu_projeto", "target_name": "dev"} */

  
  create view "meu_banco"."main"."stg_tips__dbt_tmp" as (
    select
    total_bill,
    tip,
    sex,
    day,
    total_bill + tip as valor_total
from read_csv_auto('models/data/tips.csv')
  );

16:15:18.393249 [debug]: Query executed on node model.meu_projeto.stg_vendas:
/* {"app": "dbt", "dbt_version": "2.0.0", "node_id": "model.meu_projeto.stg_vendas", "profile_name": "meu_projeto", "target_name": "dev"} */
alter view "meu_banco"."main"."stg_vendas" rename to "stg_vendas__dbt_backup"
16:15:18.394946 [debug]: Query executed on node model.meu_projeto.stg_tips:
/* {"app": "dbt", "dbt_version": "2.0.0", "node_id": "model.meu_projeto.stg_tips", "profile_name": "meu_projeto", "target_name": "dev"} */
alter view "meu_banco"."main"."stg_tips" rename to "stg_tips__dbt_backup"
16:15:18.398599 [debug]: Query executed on node model.meu_projeto.stg_vendas:
/* {"app": "dbt", "dbt_version": "2.0.0", "node_id": "model.meu_projeto.stg_vendas", "profile_name": "meu_projeto", "target_name": "dev"} */
alter view "meu_banco"."main"."stg_vendas__dbt_tmp" rename to "stg_vendas"
16:15:18.400016 [debug]: Query executed on node model.meu_projeto.stg_tips:
/* {"app": "dbt", "dbt_version": "2.0.0", "node_id": "model.meu_projeto.stg_tips", "profile_name": "meu_projeto", "target_name": "dev"} */
alter view "meu_banco"."main"."stg_tips__dbt_tmp" rename to "stg_tips"
16:15:18.407282 [debug]: Query executed on node model.meu_projeto.stg_vendas:
/* {"app": "dbt", "dbt_version": "2.0.0", "node_id": "model.meu_projeto.stg_vendas", "profile_name": "meu_projeto", "target_name": "dev"} */

      drop view if exists "meu_banco"."main"."stg_vendas__dbt_backup" cascade
    
16:15:18.408261 [info ]: Finished running [  0.06s] model main.stg_vendas [success]
16:15:18.408942 [debug]: Query executed on node model.meu_projeto.stg_tips:
/* {"app": "dbt", "dbt_version": "2.0.0", "node_id": "model.meu_projeto.stg_tips", "profile_name": "meu_projeto", "target_name": "dev"} */

      drop view if exists "meu_banco"."main"."stg_tips__dbt_backup" cascade
    
16:15:18.408646 [info ]:  Succeeded [  0.08s] model main.stg_vendas (view)
16:15:18.409502 [info ]: Started model main.fct_vendas
16:15:18.409530 [debug]: Started rendering model main.fct_vendas
16:15:18.409947 [info ]: Finished running [  0.06s] model main.stg_tips [success]
16:15:18.410424 [info ]:  Succeeded [  0.08s] model main.stg_tips (view)
16:15:18.411373 [info ]: Started model main.fct_resumo
16:15:18.411412 [debug]: Started rendering model main.fct_resumo
16:15:18.412241 [debug]: Compiled SQL for node model.meu_projeto.fct_vendas at target\compiled\meu_projeto\models\marts\fct_vendas.sql
16:15:18.413909 [debug]: Compiled SQL for node model.meu_projeto.fct_resumo at target\compiled\meu_projeto\models\marts\fct_resumo.sql
16:15:18.412667 [debug]: Finished rendering [  0.00s] model main.fct_vendas [success]
16:15:18.414963 [debug]: Started analyzing model main.fct_vendas
16:15:18.415026 [debug]: Finished rendering [  0.00s] model main.fct_resumo [success]
16:15:18.416939 [info ]: Finished rendering [  0.09s] (4 nodes, 0 skipped, 0 errors)
16:15:18.418137 [debug]: Started analyzing model main.fct_resumo
16:15:18.424592 [debug]: Finished analyzing [  0.01s] model main.fct_resumo [success]
16:15:18.424982 [info ]: Started running model main.fct_resumo
16:15:18.433265 [debug]: Writing runtime sql for node "model.meu_projeto.fct_resumo"
16:15:18.438723 [debug]: Finished analyzing [  0.02s] model main.fct_vendas [success]
16:15:18.439819 [info ]: Finished analyzing [  0.11s] (4 nodes, 0 skipped, 0 errors)
16:15:18.440630 [info ]: Started running model main.fct_vendas
16:15:18.448918 [debug]: Writing runtime sql for node "model.meu_projeto.fct_vendas"
16:15:18.455656 [debug]: Query executed on node model.meu_projeto.fct_resumo:
/* {"app": "dbt", "dbt_version": "2.0.0", "node_id": "model.meu_projeto.fct_resumo", "profile_name": "meu_projeto", "target_name": "dev"} */

  
  create view "meu_banco"."main"."fct_resumo__dbt_tmp" as (
    select
    day,
    sex,
    sum(valor_total) as total_vendas,
    avg(valor_total) as media_vendas,
    count(*) as quantidade
from "meu_banco"."main"."stg_tips"
group by 1,2
  );

16:15:18.463700 [debug]: Query executed on node model.meu_projeto.fct_resumo:
/* {"app": "dbt", "dbt_version": "2.0.0", "node_id": "model.meu_projeto.fct_resumo", "profile_name": "meu_projeto", "target_name": "dev"} */
alter view "meu_banco"."main"."fct_resumo" rename to "fct_resumo__dbt_backup"
16:15:18.465796 [debug]: Query executed on node model.meu_projeto.fct_vendas:
/* {"app": "dbt", "dbt_version": "2.0.0", "node_id": "model.meu_projeto.fct_vendas", "profile_name": "meu_projeto", "target_name": "dev"} */

  
  create view "meu_banco"."main"."fct_vendas__dbt_tmp" as (
    SELECT
    cliente,
    COUNT(*) AS quantidade_vendas,
    SUM(valor) AS total_vendas,
    AVG(valor) AS media_vendas,
    max(valor) as maior_venda,
    min(valor) as menor_venda,
    dense_rank() over (order by sum(valor) desc) as ranking_cliente,
    ROUND( sum(valor) over() * 100.0 / SUM(valor) OVER (PARTITION BY cliente), 2 )as percentual_total
FROM "meu_banco"."main"."stg_vendas"
  );

16:15:18.471170 [debug]: Query executed on node model.meu_projeto.fct_resumo:
/* {"app": "dbt", "dbt_version": "2.0.0", "node_id": "model.meu_projeto.fct_resumo", "profile_name": "meu_projeto", "target_name": "dev"} */
alter view "meu_banco"."main"."fct_resumo__dbt_tmp" rename to "fct_resumo"
16:15:18.478688 [debug]: Query executed on node model.meu_projeto.fct_resumo:
/* {"app": "dbt", "dbt_version": "2.0.0", "node_id": "model.meu_projeto.fct_resumo", "profile_name": "meu_projeto", "target_name": "dev"} */

      drop view if exists "meu_banco"."main"."fct_resumo__dbt_backup" cascade
    
16:15:18.479592 [info ]: Finished running [  0.05s] model main.fct_resumo [success]
16:15:18.479954 [info ]:  Succeeded [  0.06s] model main.fct_resumo (view)
16:15:19.466532 [error]: [DbDriverFailed (dbt1308)]: Database Error in model fct_vendas (target\run\meu_projeto\models\marts\fct_vendas.sql)
  Binder Error: column "cliente" must appear in the GROUP BY clause or must be part of an aggregate function.
  Either add it to the GROUP BY list, or use "ANY_VALUE(cliente)" if the exact value of "cliente" is not important.
  
  LINE 6:     cliente,
              ^
  (in run\meu_projeto\models/marts\fct_vendas.sql)
16:15:19.466739 [info ]: Finished running [  1.03s] model main.fct_vendas [error]
16:15:19.468123 [info ]: Finished running [  1.12s] (4 nodes, 0 skipped, 1 errors)
16:15:19.470021 [info ]:     Failed [  1.05s] model main.fct_vendas (view)
16:15:19.558510 [info ]: New version available 2.0.0-preview.210 (run `dbt system update`)
16:15:19.666154 [info ]: 
==================== Execution Summary =====================
Finished 'run' with 1 error for target 'dev' [2.2s]
Processed: 4 models
Summary: 4 total | 3 success | 1 error
==================== 2026-08-19T16:18:53.141230Z | 01a01ad1-8251-7770-944a-78929793b6b8 ====================
16:18:53.141448 [info ]: dbt-fusion 2.0.0-preview.205
16:18:53.142383 [info ]: Started loading project
16:18:53.146660 [info ]: Loading ~/.dbt/profiles.yml
16:18:53.159398 [debug]:    Started loading packages
16:18:53.165411 [debug]:     Loaded [  0.01s] packages
16:18:53.166736 [info ]: Finished loading project [  0.02s]
16:18:53.167782 [info ]: Started parsing
16:18:53.225157 [debug]: Finished parsing models/staging/stg_tips.yml [  0.00s]
16:18:53.225550 [debug]: Finished parsing models/staging/stg_vendas.yml [  0.00s]
16:18:53.228129 [debug]: Finished parsing models/marts/fct_resumo.sql [  0.00s]
16:18:53.229092 [debug]: Finished parsing models/marts/fct_vendas.sql [  0.00s]
16:18:53.230239 [debug]: Finished parsing models/staging/stg_tips.sql [  0.00s]
16:18:53.231303 [debug]: Finished parsing models/staging/stg_vendas.sql [  0.00s]
16:18:53.248474 [debug]: Finished parsing target\generic_tests\not_null_stg_tips_day.sql [  0.00s]
16:18:53.249906 [debug]: Finished parsing target\generic_tests\not_null_stg_tips_sex.sql [  0.00s]
16:18:53.253328 [debug]: Finished parsing target\generic_tests\not_null_stg_tips_tip.sql [  0.00s]
16:18:53.255142 [debug]: Finished parsing target\generic_tests\not_null_stg_tips_total_bill.sql [  0.00s]
16:18:53.256614 [debug]: Finished parsing target\generic_tests\not_null_stg_vendas_cliente.sql [  0.00s]
16:18:53.258150 [debug]: Finished parsing target\generic_tests\unique_stg_vendas_id.sql [  0.00s]
16:18:53.260390 [debug]: Finished parsing target\generic_tests\not_null_stg_vendas_id.sql [  0.00s]
16:18:53.261733 [debug]: Finished parsing target\generic_tests\not_null_stg_vendas_valor.sql [  0.00s]
16:18:53.618241 [info ]: Finished parsing [  0.45s]
16:18:53.619978 [info ]: Started scheduling
16:18:53.620345 [info ]: Finished scheduling [  0.00s]
16:18:53.631072 [debug]: Initializing schema store with entry: Frontier(CanonicalFqn { catalog: "meu_banco", schema: "main", table: "stg_tips" }) and interval: None
16:18:53.632982 [debug]: Initializing schema store with entry: Frontier(CanonicalFqn { catalog: "meu_banco", schema: "main", table: "stg_vendas" }) and interval: None
16:18:53.641998 [debug]: No platform credentials found, skipping remote license
16:18:53.642348 [debug]: License check failed: Feature not licensed: 'lineage'
16:18:53.643133 [info ]: Started building task graph
16:18:53.644065 [info ]: Finished building task graph [  0.00s]
16:18:53.648578 [info ]: Started rendering (8 nodes)
16:18:53.649379 [info ]: Started test main_dbt_test__audit.unique_stg_vendas_id
16:18:53.649414 [debug]: Started rendering test main_dbt_test__audit.unique_stg_vendas_id
16:18:53.649502 [info ]: Started test main_dbt_test__audit.not_null_stg_vendas_valor
16:18:53.649534 [debug]: Started rendering test main_dbt_test__audit.not_null_stg_vendas_valor
16:18:53.649605 [info ]: Started test main_dbt_test__audit.not_null_stg_vendas_id
16:18:53.649633 [debug]: Started rendering test main_dbt_test__audit.not_null_stg_vendas_id
16:18:53.649676 [info ]: Started test main_dbt_test__audit.not_null_stg_vendas_cliente
16:18:53.649699 [debug]: Started rendering test main_dbt_test__audit.not_null_stg_vendas_cliente
16:18:53.649770 [info ]: Started test main_dbt_test__audit.not_null_stg_tips_total_bill
16:18:53.649796 [debug]: Started rendering test main_dbt_test__audit.not_null_stg_tips_total_bill
16:18:53.649840 [info ]: Started test main_dbt_test__audit.not_null_stg_tips_tip
16:18:53.649862 [debug]: Started rendering test main_dbt_test__audit.not_null_stg_tips_tip
16:18:53.649903 [info ]: Started test main_dbt_test__audit.not_null_stg_tips_sex
16:18:53.649925 [debug]: Started rendering test main_dbt_test__audit.not_null_stg_tips_sex
16:18:53.649965 [info ]: Started test main_dbt_test__audit.not_null_stg_tips_day
16:18:53.649988 [debug]: Started rendering test main_dbt_test__audit.not_null_stg_tips_day
16:18:53.680681 [debug]: Compiled SQL for node test.meu_projeto.not_null_stg_tips_sex.155f420c48 at target\compiled\meu_projeto\target\generic_tests\not_null_stg_tips_sex.sql
16:18:53.680681 [debug]: Compiled SQL for node test.meu_projeto.not_null_stg_vendas_cliente.ac35e19663 at target\compiled\meu_projeto\target\generic_tests\not_null_stg_vendas_cliente.sql
16:18:53.680932 [debug]: Compiled SQL for node test.meu_projeto.not_null_stg_tips_day.484c9f4d2b at target\compiled\meu_projeto\target\generic_tests\not_null_stg_tips_day.sql
16:18:53.681001 [debug]: Compiled SQL for node test.meu_projeto.not_null_stg_tips_tip.7e96fc4398 at target\compiled\meu_projeto\target\generic_tests\not_null_stg_tips_tip.sql
16:18:53.683980 [debug]: Compiled SQL for node test.meu_projeto.not_null_stg_tips_total_bill.b143e0cef2 at target\compiled\meu_projeto\target\generic_tests\not_null_stg_tips_total_bill.sql
16:18:53.684757 [debug]: Compiled SQL for node test.meu_projeto.not_null_stg_vendas_valor.4b812cd846 at target\compiled\meu_projeto\target\generic_tests\not_null_stg_vendas_valor.sql
16:18:53.684964 [debug]: Compiled SQL for node test.meu_projeto.unique_stg_vendas_id.7dc0121ac1 at target\compiled\meu_projeto\target\generic_tests\unique_stg_vendas_id.sql
16:18:53.687133 [debug]: Compiled SQL for node test.meu_projeto.not_null_stg_vendas_id.69c24a71e0 at target\compiled\meu_projeto\target\generic_tests\not_null_stg_vendas_id.sql
16:18:53.681277 [debug]: Finished rendering [  0.03s] test main_dbt_test__audit.not_null_stg_vendas_cliente [success]
16:18:53.709059 [info ]: Started analyzing (8 nodes)
16:18:53.760694 [debug]: Started analyzing test main_dbt_test__audit.not_null_stg_vendas_cliente
16:18:53.760784 [debug]: Finished rendering [  0.11s] test main_dbt_test__audit.not_null_stg_tips_sex [success]
16:18:53.761754 [debug]: Started analyzing test main_dbt_test__audit.not_null_stg_tips_sex
16:18:53.761811 [debug]: Finished rendering [  0.11s] test main_dbt_test__audit.not_null_stg_tips_day [success]
16:18:53.762369 [debug]: Started analyzing test main_dbt_test__audit.not_null_stg_tips_day
16:18:53.762408 [debug]: Finished rendering [  0.11s] test main_dbt_test__audit.not_null_stg_tips_tip [success]
16:18:53.762893 [debug]: Started analyzing test main_dbt_test__audit.not_null_stg_tips_tip
16:18:53.762931 [debug]: Finished rendering [  0.11s] test main_dbt_test__audit.not_null_stg_tips_total_bill [success]
16:18:53.763892 [debug]: Started analyzing test main_dbt_test__audit.not_null_stg_tips_total_bill
16:18:53.763944 [debug]: Finished rendering [  0.11s] test main_dbt_test__audit.not_null_stg_vendas_valor [success]
16:18:53.764440 [debug]: Started analyzing test main_dbt_test__audit.not_null_stg_vendas_valor
16:18:53.764483 [debug]: Finished rendering [  0.12s] test main_dbt_test__audit.unique_stg_vendas_id [success]
16:18:53.765094 [debug]: Started analyzing test main_dbt_test__audit.unique_stg_vendas_id
16:18:53.765139 [debug]: Finished rendering [  0.12s] test main_dbt_test__audit.not_null_stg_vendas_id [success]
16:18:53.767067 [info ]: Finished rendering [  0.12s] (8 nodes, 0 skipped, 0 errors)
16:18:53.775559 [debug]: Started analyzing test main_dbt_test__audit.not_null_stg_vendas_id
16:18:53.775656 [debug]: Finished analyzing [  0.01s] test main_dbt_test__audit.not_null_stg_vendas_cliente [success]
16:18:53.777545 [info ]: Started running (8 nodes)
16:18:53.778279 [info ]: Started running test main_dbt_test__audit.not_null_stg_vendas_cliente
16:18:53.778342 [debug]: Finished analyzing [  0.01s] test main_dbt_test__audit.not_null_stg_tips_total_bill [success]
16:18:53.779598 [info ]: Started running test main_dbt_test__audit.not_null_stg_tips_total_bill
16:18:53.779659 [debug]: Finished analyzing [  0.02s] test main_dbt_test__audit.not_null_stg_vendas_valor [success]
16:18:53.780890 [info ]: Started running test main_dbt_test__audit.not_null_stg_vendas_valor
16:18:53.780948 [debug]: Finished analyzing [  0.02s] test main_dbt_test__audit.not_null_stg_tips_tip [success]
16:18:53.782101 [info ]: Started running test main_dbt_test__audit.not_null_stg_tips_tip
16:18:53.782160 [debug]: Finished analyzing [  0.02s] test main_dbt_test__audit.not_null_stg_tips_sex [success]
16:18:53.782424 [info ]: Started running test main_dbt_test__audit.not_null_stg_tips_sex
16:18:53.786532 [debug]: Writing runtime sql for node "test.meu_projeto.not_null_stg_tips_sex.155f420c48"
16:18:53.786532 [debug]: Writing runtime sql for node "test.meu_projeto.not_null_stg_vendas_valor.4b812cd846"
16:18:53.786609 [debug]: Writing runtime sql for node "test.meu_projeto.not_null_stg_vendas_cliente.ac35e19663"
16:18:53.788215 [debug]: Writing runtime sql for node "test.meu_projeto.not_null_stg_tips_tip.7e96fc4398"
16:18:53.788338 [debug]: Writing runtime sql for node "test.meu_projeto.not_null_stg_tips_total_bill.b143e0cef2"
16:18:53.782480 [debug]: Finished analyzing [  0.02s] test main_dbt_test__audit.not_null_stg_tips_day [success]
16:18:53.795087 [info ]: Started running test main_dbt_test__audit.not_null_stg_tips_day
16:18:53.795154 [debug]: Finished analyzing [  0.02s] test main_dbt_test__audit.not_null_stg_vendas_id [success]
16:18:53.795681 [info ]: Started running test main_dbt_test__audit.not_null_stg_vendas_id
16:18:53.799938 [debug]: Writing runtime sql for node "test.meu_projeto.not_null_stg_tips_day.484c9f4d2b"
16:18:53.800130 [debug]: Writing runtime sql for node "test.meu_projeto.not_null_stg_vendas_id.69c24a71e0"
16:18:53.795725 [debug]: Finished analyzing [  0.03s] test main_dbt_test__audit.unique_stg_vendas_id [success]
16:18:53.803796 [info ]: Finished analyzing [  0.09s] (8 nodes, 0 skipped, 0 errors)
16:18:53.862082 [info ]: Started running test main_dbt_test__audit.unique_stg_vendas_id
16:18:53.867377 [debug]: Writing runtime sql for node "test.meu_projeto.unique_stg_vendas_id.7dc0121ac1"
16:18:53.971485 [debug]: Query executed on node test.meu_projeto.not_null_stg_tips_day.484c9f4d2b:
/* {"app": "dbt", "dbt_version": "2.0.0", "node_id": "test.meu_projeto.not_null_stg_tips_day.484c9f4d2b", "profile_name": "meu_projeto", "target_name": "dev"} */

    
    select
      count(*) as failures,
      count(*) != 0 as should_warn,
      count(*) != 0 as should_error
    from (
      
    
  
    
    



select day
from "meu_banco"."main"."stg_tips"
where day is null



  
  
      
    ) dbt_internal_test
16:18:53.971485 [debug]: Query executed on node test.meu_projeto.not_null_stg_vendas_valor.4b812cd846:
/* {"app": "dbt", "dbt_version": "2.0.0", "node_id": "test.meu_projeto.not_null_stg_vendas_valor.4b812cd846", "profile_name": "meu_projeto", "target_name": "dev"} */

    
    select
      count(*) as failures,
      count(*) != 0 as should_warn,
      count(*) != 0 as should_error
    from (
      
    
  
    
    



select valor
from "meu_banco"."main"."stg_vendas"
where valor is null



  
  
      
    ) dbt_internal_test
16:18:53.971485 [debug]: Query executed on node test.meu_projeto.not_null_stg_vendas_id.69c24a71e0:
/* {"app": "dbt", "dbt_version": "2.0.0", "node_id": "test.meu_projeto.not_null_stg_vendas_id.69c24a71e0", "profile_name": "meu_projeto", "target_name": "dev"} */

    
    select
      count(*) as failures,
      count(*) != 0 as should_warn,
      count(*) != 0 as should_error
    from (
      
    
  
    
    



select id
from "meu_banco"."main"."stg_vendas"
where id is null



  
  
      
    ) dbt_internal_test
16:18:53.971485 [debug]: Query executed on node test.meu_projeto.not_null_stg_tips_sex.155f420c48:
/* {"app": "dbt", "dbt_version": "2.0.0", "node_id": "test.meu_projeto.not_null_stg_tips_sex.155f420c48", "profile_name": "meu_projeto", "target_name": "dev"} */

    
    select
      count(*) as failures,
      count(*) != 0 as should_warn,
      count(*) != 0 as should_error
    from (
      
    
  
    
    



select sex
from "meu_banco"."main"."stg_tips"
where sex is null



  
  
      
    ) dbt_internal_test
16:18:53.972753 [debug]: Query executed on node test.meu_projeto.not_null_stg_tips_tip.7e96fc4398:
/* {"app": "dbt", "dbt_version": "2.0.0", "node_id": "test.meu_projeto.not_null_stg_tips_tip.7e96fc4398", "profile_name": "meu_projeto", "target_name": "dev"} */

    
    select
      count(*) as failures,
      count(*) != 0 as should_warn,
      count(*) != 0 as should_error
    from (
      
    
  
    
    



select tip
from "meu_banco"."main"."stg_tips"
where tip is null



  
  
      
    ) dbt_internal_test
16:18:53.972786 [debug]: Query executed on node test.meu_projeto.not_null_stg_tips_total_bill.b143e0cef2:
/* {"app": "dbt", "dbt_version": "2.0.0", "node_id": "test.meu_projeto.not_null_stg_tips_total_bill.b143e0cef2", "profile_name": "meu_projeto", "target_name": "dev"} */

    
    select
      count(*) as failures,
      count(*) != 0 as should_warn,
      count(*) != 0 as should_error
    from (
      
    
  
    
    



select total_bill
from "meu_banco"."main"."stg_tips"
where total_bill is null



  
  
      
    ) dbt_internal_test
16:18:53.972830 [debug]: Query executed on node test.meu_projeto.not_null_stg_vendas_cliente.ac35e19663:
/* {"app": "dbt", "dbt_version": "2.0.0", "node_id": "test.meu_projeto.not_null_stg_vendas_cliente.ac35e19663", "profile_name": "meu_projeto", "target_name": "dev"} */

    
    select
      count(*) as failures,
      count(*) != 0 as should_warn,
      count(*) != 0 as should_error
    from (
      
    
  
    
    



select cliente
from "meu_banco"."main"."stg_vendas"
where cliente is null



  
  
      
    ) dbt_internal_test
16:18:53.984669 [info ]: Finished running [  0.20s] test main_dbt_test__audit.not_null_stg_vendas_valor [pass]
16:18:53.985013 [info ]:     Passed [  0.33s] test  not_null_stg_vendas_valor
16:18:53.986021 [info ]: Finished running [  0.21s] test main_dbt_test__audit.not_null_stg_tips_total_bill [pass]
16:18:53.986369 [info ]:     Passed [  0.33s] test  not_null_stg_tips_total_bill
16:18:53.987070 [info ]: Finished running [  0.19s] test main_dbt_test__audit.not_null_stg_tips_day [pass]
16:18:53.987378 [info ]:     Passed [  0.32s] test  not_null_stg_tips_day
16:18:53.987903 [info ]: Finished running [  0.19s] test main_dbt_test__audit.not_null_stg_vendas_id [pass]
16:18:53.988190 [info ]:     Passed [  0.33s] test  not_null_stg_vendas_id
16:18:53.988660 [info ]: Finished running [  0.21s] test main_dbt_test__audit.not_null_stg_tips_tip [pass]
16:18:53.989061 [debug]: Query executed on node test.meu_projeto.unique_stg_vendas_id.7dc0121ac1:
/* {"app": "dbt", "dbt_version": "2.0.0", "node_id": "test.meu_projeto.unique_stg_vendas_id.7dc0121ac1", "profile_name": "meu_projeto", "target_name": "dev"} */

    
    select
      count(*) as failures,
      count(*) != 0 as should_warn,
      count(*) != 0 as should_error
    from (
      
    
  
    
    

select
    id as unique_field,
    count(*) as n_records

from "meu_banco"."main"."stg_vendas"
where id is not null
group by id
having count(*) > 1



  
  
      
    ) dbt_internal_test
16:18:53.988964 [info ]:     Passed [  0.34s] test  not_null_stg_tips_tip
16:18:53.989415 [info ]: Finished running [  0.21s] test main_dbt_test__audit.not_null_stg_tips_sex [pass]
16:18:53.989528 [info ]:     Passed [  0.34s] test  not_null_stg_tips_sex
16:18:53.989970 [info ]: Finished running [  0.21s] test main_dbt_test__audit.not_null_stg_vendas_cliente [pass]
16:18:53.990139 [info ]:     Passed [  0.26s] test  not_null_stg_vendas_cliente
16:18:53.991699 [info ]: Finished running [  0.13s] test main_dbt_test__audit.unique_stg_vendas_id [pass]
16:18:53.991831 [info ]: Finished running [  0.21s] (8 nodes, 0 skipped, 0 errors)
16:18:53.992163 [info ]:     Passed [  0.27s] test  unique_stg_vendas_id
16:18:54.059718 [info ]: New version available 2.0.0-preview.210 (run `dbt system update`)
16:18:54.429188 [info ]: 
==================== Execution Summary =====================
Finished 'test' successfully for target 'dev' [1.3s]
Processed: 8 tests
Summary: 8 total | 8 success
==================== 2026-08-19T16:19:12.242045Z | 01a01ad1-ccee-7a31-86c3-fa7a7d89d267 ====================
16:19:12.242522 [info ]: dbt-fusion 2.0.0-preview.205
16:19:12.243148 [info ]: Started loading project
16:19:12.247198 [info ]: Loading ~/.dbt/profiles.yml
16:19:12.258902 [debug]:    Started loading packages
16:19:12.265943 [debug]:     Loaded [  0.01s] packages
16:19:12.267348 [info ]: Finished loading project [  0.02s]
16:19:12.268363 [info ]: Started parsing
16:19:12.329249 [debug]: Finished parsing models/staging/stg_tips.yml [  0.00s]
16:19:12.329638 [debug]: Finished parsing models/staging/stg_vendas.yml [  0.00s]
16:19:12.331901 [debug]: Finished parsing models/marts/fct_resumo.sql [  0.00s]
16:19:12.332515 [debug]: Finished parsing models/marts/fct_vendas.sql [  0.00s]
16:19:12.333136 [debug]: Finished parsing models/staging/stg_tips.sql [  0.00s]
16:19:12.333721 [debug]: Finished parsing models/staging/stg_vendas.sql [  0.00s]
16:19:12.348619 [debug]: Finished parsing target\generic_tests\not_null_stg_tips_day.sql [  0.00s]
16:19:12.349688 [debug]: Finished parsing target\generic_tests\not_null_stg_tips_sex.sql [  0.00s]
16:19:12.351320 [debug]: Finished parsing target\generic_tests\not_null_stg_tips_tip.sql [  0.00s]
16:19:12.352622 [debug]: Finished parsing target\generic_tests\not_null_stg_tips_total_bill.sql [  0.00s]
16:19:12.353850 [debug]: Finished parsing target\generic_tests\not_null_stg_vendas_cliente.sql [  0.00s]
16:19:12.354726 [debug]: Finished parsing target\generic_tests\unique_stg_vendas_id.sql [  0.00s]
16:19:12.355642 [debug]: Finished parsing target\generic_tests\not_null_stg_vendas_id.sql [  0.00s]
16:19:12.356693 [debug]: Finished parsing target\generic_tests\not_null_stg_vendas_valor.sql [  0.00s]
16:19:12.704211 [info ]: Finished parsing [  0.44s]
16:19:12.705461 [info ]: Started scheduling
16:19:12.705778 [info ]: Finished scheduling [  0.00s]
16:19:12.720706 [debug]: No platform credentials found, skipping remote license
16:19:12.721353 [debug]: License check failed: Feature not licensed: 'lineage'
16:19:12.722906 [info ]: Started building task graph
16:19:12.723349 [info ]: Finished building task graph [  0.00s]
16:19:12.774441 [debug]: Query executed on node unknown:
/* {"app": "dbt", "connection_name": "", "dbt_version": "2.0.0", "profile_name": "meu_projeto", "target_name": "dev"} */

    
    select schema_name
    from system.information_schema.schemata
    
    where lower(catalog_name) = '"meu_banco"'
    
  
  
16:19:12.776104 [debug]: Query executed on node unknown:
/* {"app": "dbt", "connection_name": "", "dbt_version": "2.0.0", "profile_name": "meu_projeto", "target_name": "dev"} */

    
        select type from duckdb_databases()
        where lower(database_name)='meu_banco'
        and type='sqlite'
    
  
16:19:12.776848 [debug]: Query executed on node unknown:
/* {"app": "dbt", "connection_name": "", "dbt_version": "2.0.0", "profile_name": "meu_projeto", "target_name": "dev"} */

    
    
        create schema if not exists "meu_banco"."main"
    
16:19:12.777035 [info ]: Started rendering (4 nodes)
16:19:12.777210 [info ]: Started model main.stg_vendas
16:19:12.777228 [debug]: Started rendering model main.stg_vendas
16:19:12.777263 [info ]: Started model main.stg_tips
16:19:12.777282 [debug]: Started rendering model main.stg_tips
16:19:12.779306 [debug]: Compiled SQL for node model.meu_projeto.stg_tips at target\compiled\meu_projeto\models\staging\stg_tips.sql
16:19:12.779439 [debug]: Compiled SQL for node model.meu_projeto.stg_vendas at target\compiled\meu_projeto\models\staging\stg_vendas.sql
16:19:12.779530 [debug]: Finished rendering [  0.00s] model main.stg_tips [success]
16:19:12.780973 [info ]: Started analyzing (4 nodes)
16:19:12.781190 [debug]: Started analyzing model main.stg_tips
16:19:12.781251 [debug]: Finished rendering [  0.00s] model main.stg_vendas [success]
16:19:12.781638 [debug]: Started analyzing model main.stg_vendas
16:19:12.789058 [debug]: Finished analyzing [  0.01s] model main.stg_vendas [success]
16:19:12.789483 [info ]: Started running (4 nodes)
16:19:12.789695 [info ]: Started running model main.stg_vendas
16:19:12.789753 [debug]: Finished analyzing [  0.01s] model main.stg_tips [success]
16:19:12.790429 [info ]: Started running model main.stg_tips
16:19:12.802591 [debug]: Query executed on node model.meu_projeto.stg_vendas:
SELECT table_catalog, table_schema, table_name, table_type FROM information_schema.tables WHERE table_schema = 'main' AND lower(table_catalog) = lower('meu_banco')
16:19:12.802868 [debug]: Query executed on node model.meu_projeto.stg_tips:
SELECT table_catalog, table_schema, table_name, table_type FROM information_schema.tables WHERE table_schema = 'main' AND lower(table_catalog) = lower('meu_banco')
16:19:12.807493 [debug]: Writing runtime sql for node "model.meu_projeto.stg_vendas"
16:19:12.808072 [debug]: Writing runtime sql for node "model.meu_projeto.stg_tips"
16:19:12.830994 [debug]: Query executed on node model.meu_projeto.stg_vendas:
/* {"app": "dbt", "dbt_version": "2.0.0", "node_id": "model.meu_projeto.stg_vendas", "profile_name": "meu_projeto", "target_name": "dev"} */

  
  create view "meu_banco"."main"."stg_vendas__dbt_tmp" as (
    SELECT
    id,
    cliente,
    categoria,
    valor,
    data_venda
from read_csv_auto('models\data\stg_vendas.csv')
  );

16:19:12.838484 [debug]: Query executed on node model.meu_projeto.stg_vendas:
/* {"app": "dbt", "dbt_version": "2.0.0", "node_id": "model.meu_projeto.stg_vendas", "profile_name": "meu_projeto", "target_name": "dev"} */
alter view "meu_banco"."main"."stg_vendas" rename to "stg_vendas__dbt_backup"
16:19:12.845606 [debug]: Query executed on node model.meu_projeto.stg_vendas:
/* {"app": "dbt", "dbt_version": "2.0.0", "node_id": "model.meu_projeto.stg_vendas", "profile_name": "meu_projeto", "target_name": "dev"} */
alter view "meu_banco"."main"."stg_vendas__dbt_tmp" rename to "stg_vendas"
16:19:12.848016 [debug]: Query executed on node model.meu_projeto.stg_tips:
/* {"app": "dbt", "dbt_version": "2.0.0", "node_id": "model.meu_projeto.stg_tips", "profile_name": "meu_projeto", "target_name": "dev"} */

  
  create view "meu_banco"."main"."stg_tips__dbt_tmp" as (
    select
    total_bill,
    tip,
    sex,
    day,
    total_bill + tip as valor_total
from read_csv_auto('models/data/tips.csv')
  );

16:19:12.853113 [debug]: Query executed on node model.meu_projeto.stg_tips:
/* {"app": "dbt", "dbt_version": "2.0.0", "node_id": "model.meu_projeto.stg_tips", "profile_name": "meu_projeto", "target_name": "dev"} */
alter view "meu_banco"."main"."stg_tips" rename to "stg_tips__dbt_backup"
16:19:12.854855 [debug]: Query executed on node model.meu_projeto.stg_vendas:
/* {"app": "dbt", "dbt_version": "2.0.0", "node_id": "model.meu_projeto.stg_vendas", "profile_name": "meu_projeto", "target_name": "dev"} */

      drop view if exists "meu_banco"."main"."stg_vendas__dbt_backup" cascade
    
16:19:12.855950 [info ]: Finished running [  0.07s] model main.stg_vendas [success]
16:19:12.856496 [info ]:  Succeeded [  0.08s] model main.stg_vendas (view)
16:19:12.857075 [info ]: Started model main.fct_vendas
16:19:12.857104 [debug]: Started rendering model main.fct_vendas
16:19:12.859122 [debug]: Query executed on node model.meu_projeto.stg_tips:
/* {"app": "dbt", "dbt_version": "2.0.0", "node_id": "model.meu_projeto.stg_tips", "profile_name": "meu_projeto", "target_name": "dev"} */
alter view "meu_banco"."main"."stg_tips__dbt_tmp" rename to "stg_tips"
16:19:12.859686 [debug]: Compiled SQL for node model.meu_projeto.fct_vendas at target\compiled\meu_projeto\models\marts\fct_vendas.sql
16:19:12.859886 [debug]: Finished rendering [  0.00s] model main.fct_vendas [success]
16:19:12.860553 [debug]: Started analyzing model main.fct_vendas
16:19:12.869428 [debug]: Query executed on node model.meu_projeto.stg_tips:
/* {"app": "dbt", "dbt_version": "2.0.0", "node_id": "model.meu_projeto.stg_tips", "profile_name": "meu_projeto", "target_name": "dev"} */

      drop view if exists "meu_banco"."main"."stg_tips__dbt_backup" cascade
    
16:19:12.870733 [info ]: Finished running [  0.08s] model main.stg_tips [success]
16:19:12.871328 [info ]:  Succeeded [  0.09s] model main.stg_tips (view)
16:19:12.872301 [info ]: Started model main.fct_resumo
16:19:12.872355 [debug]: Started rendering model main.fct_resumo
16:19:12.874352 [debug]: Compiled SQL for node model.meu_projeto.fct_resumo at target\compiled\meu_projeto\models\marts\fct_resumo.sql
16:19:12.874564 [debug]: Finished rendering [  0.00s] model main.fct_resumo [success]
16:19:12.875304 [info ]: Finished rendering [  0.10s] (4 nodes, 0 skipped, 0 errors)
16:19:12.876074 [debug]: Started analyzing model main.fct_resumo
16:19:12.880677 [debug]: Finished analyzing [  0.00s] model main.fct_resumo [success]
16:19:12.881110 [info ]: Started running model main.fct_resumo
16:19:12.882548 [debug]: Finished analyzing [  0.02s] model main.fct_vendas [success]
16:19:12.882947 [info ]: Finished analyzing [  0.10s] (4 nodes, 0 skipped, 0 errors)
16:19:12.883663 [info ]: Started running model main.fct_vendas
16:19:12.889163 [debug]: Writing runtime sql for node "model.meu_projeto.fct_resumo"
16:19:12.889599 [debug]: Writing runtime sql for node "model.meu_projeto.fct_vendas"
16:19:12.912020 [debug]: Query executed on node model.meu_projeto.fct_vendas:
/* {"app": "dbt", "dbt_version": "2.0.0", "node_id": "model.meu_projeto.fct_vendas", "profile_name": "meu_projeto", "target_name": "dev"} */

  
    
    
    create  table
      "meu_banco"."main"."fct_vendas__dbt_tmp"
  
    as (
      SELECT
    cliente,
    COUNT(*) AS quantidade_vendas,
    SUM(valor) AS total_vendas,
    AVG(valor) AS media_vendas,
    max(valor) as maior_venda,
    min(valor) as menor_venda,
    dense_rank() over (order by sum(valor) desc) as ranking_cliente,
    ROUND( sum(valor) over() * 100.0 / SUM(valor) OVER (PARTITION BY cliente), 2 )as percentual_total
FROM "meu_banco"."main"."stg_vendas"
    );
  
    
  
16:19:12.968099 [debug]: Query executed on node model.meu_projeto.fct_resumo:
/* {"app": "dbt", "dbt_version": "2.0.0", "node_id": "model.meu_projeto.fct_resumo", "profile_name": "meu_projeto", "target_name": "dev"} */

  
    
    
    create  table
      "meu_banco"."main"."fct_resumo__dbt_tmp"
  
    as (
      select
    day,
    sex,
    sum(valor_total) as total_vendas,
    avg(valor_total) as media_vendas,
    count(*) as quantidade
from "meu_banco"."main"."stg_tips"
group by 1,2
    );
  
    
  
16:19:12.970534 [debug]: Query executed on node model.meu_projeto.fct_resumo:
/* {"app": "dbt", "dbt_version": "2.0.0", "node_id": "model.meu_projeto.fct_resumo", "profile_name": "meu_projeto", "target_name": "dev"} */

    SELECT index_name
    FROM duckdb_indexes()
    WHERE schema_name = 'main'
      AND table_name = 'fct_resumo'
  
16:19:12.973970 [debug]: Query executed on node model.meu_projeto.fct_resumo:
/* {"app": "dbt", "dbt_version": "2.0.0", "node_id": "model.meu_projeto.fct_resumo", "profile_name": "meu_projeto", "target_name": "dev"} */

    SELECT COUNT(*) as remaining_indexes
    FROM duckdb_indexes()
    WHERE schema_name = 'main'
      AND table_name = 'fct_resumo'
  
16:19:12.980781 [debug]: Query executed on node model.meu_projeto.fct_resumo:
/* {"app": "dbt", "dbt_version": "2.0.0", "node_id": "model.meu_projeto.fct_resumo", "profile_name": "meu_projeto", "target_name": "dev"} */
alter view "meu_banco"."main"."fct_resumo" rename to "fct_resumo__dbt_backup"
16:19:12.986667 [debug]: Query executed on node model.meu_projeto.fct_resumo:
/* {"app": "dbt", "dbt_version": "2.0.0", "node_id": "model.meu_projeto.fct_resumo", "profile_name": "meu_projeto", "target_name": "dev"} */
alter table "meu_banco"."main"."fct_resumo__dbt_tmp" rename to "fct_resumo"
16:19:12.993967 [debug]: Query executed on node model.meu_projeto.fct_resumo:
/* {"app": "dbt", "dbt_version": "2.0.0", "node_id": "model.meu_projeto.fct_resumo", "profile_name": "meu_projeto", "target_name": "dev"} */

      drop view if exists "meu_banco"."main"."fct_resumo__dbt_backup" cascade
    
16:19:12.995400 [info ]: Finished running [  0.11s] model main.fct_resumo [success]
16:19:12.995794 [info ]:  Succeeded [  0.12s] model main.fct_resumo (table)
16:19:13.914441 [error]: [DbDriverFailed (dbt1308)]: Database Error in model fct_vendas (target\run\meu_projeto\models\marts\fct_vendas.sql)
  Binder Error: column "cliente" must appear in the GROUP BY clause or must be part of an aggregate function.
  Either add it to the GROUP BY list, or use "ANY_VALUE(cliente)" if the exact value of "cliente" is not important.
  
  LINE 11:     cliente,
               ^
  (in run\meu_projeto\models/marts\fct_vendas.sql)
16:19:13.914849 [info ]: Finished running [  1.03s] model main.fct_vendas [error]
16:19:13.916554 [info ]: Finished running [  1.13s] (4 nodes, 0 skipped, 1 errors)
16:19:13.918381 [info ]:     Failed [  1.05s] model main.fct_vendas (table)
16:19:14.030952 [info ]: New version available 2.0.0-preview.210 (run `dbt system update`)
16:19:14.137702 [info ]: 
==================== Execution Summary =====================
Finished 'run' with 1 error for target 'dev' [1.9s]
Processed: 4 models
Summary: 4 total | 3 success | 1 error
==================== 2026-08-19T16:19:57.907047Z | 01a01ad2-7f4e-7570-87d9-dd10163a4967 ====================
16:19:57.907341 [info ]: dbt-fusion 2.0.0-preview.205
16:19:57.908016 [info ]: Started loading project
16:19:57.913999 [info ]: Loading ~/.dbt/profiles.yml
16:19:57.933072 [debug]:    Started loading packages
16:19:57.940704 [debug]:     Loaded [  0.01s] packages
16:19:57.942162 [info ]: Finished loading project [  0.03s]
16:19:57.943154 [info ]: Started parsing
16:19:58.007762 [debug]: Finished parsing models/staging/stg_tips.yml [  0.00s]
16:19:58.008166 [debug]: Finished parsing models/staging/stg_vendas.yml [  0.00s]
16:19:58.011093 [debug]: Finished parsing models/marts/fct_resumo.sql [  0.00s]
16:19:58.045509 [debug]: Finished parsing models/marts/fct_vendas.sql [  0.03s]
16:19:58.047462 [debug]: Finished parsing models/staging/stg_tips.sql [  0.00s]
16:19:58.119054 [debug]: Finished parsing models/staging/stg_vendas.sql [  0.07s]
16:19:58.137759 [debug]: Finished parsing target\generic_tests\not_null_stg_tips_day.sql [  0.00s]
16:19:58.140638 [debug]: Finished parsing target\generic_tests\not_null_stg_tips_sex.sql [  0.00s]
16:19:58.161386 [debug]: Finished parsing target\generic_tests\not_null_stg_tips_tip.sql [  0.02s]
16:19:58.162724 [debug]: Finished parsing target\generic_tests\not_null_stg_tips_total_bill.sql [  0.00s]
16:19:58.164167 [debug]: Finished parsing target\generic_tests\not_null_stg_vendas_cliente.sql [  0.00s]
16:19:58.165465 [debug]: Finished parsing target\generic_tests\unique_stg_vendas_id.sql [  0.00s]
16:19:58.166819 [debug]: Finished parsing target\generic_tests\not_null_stg_vendas_id.sql [  0.00s]
16:19:58.168174 [debug]: Finished parsing target\generic_tests\not_null_stg_vendas_valor.sql [  0.00s]
16:19:58.529011 [info ]: Finished parsing [  0.59s]
16:19:58.530430 [info ]: Started scheduling
16:19:58.530762 [info ]: Finished scheduling [  0.00s]
16:19:58.550165 [debug]: No platform credentials found, skipping remote license
16:19:58.550467 [debug]: License check failed: Feature not licensed: 'lineage'
16:19:58.551042 [info ]: Started building task graph
16:19:58.551350 [info ]: Finished building task graph [  0.00s]
16:19:58.604814 [debug]: Query executed on node unknown:
/* {"app": "dbt", "connection_name": "", "dbt_version": "2.0.0", "profile_name": "meu_projeto", "target_name": "dev"} */

    
    select schema_name
    from system.information_schema.schemata
    
    where lower(catalog_name) = '"meu_banco"'
    
  
  
16:19:58.606346 [debug]: Query executed on node unknown:
/* {"app": "dbt", "connection_name": "", "dbt_version": "2.0.0", "profile_name": "meu_projeto", "target_name": "dev"} */

    
        select type from duckdb_databases()
        where lower(database_name)='meu_banco'
        and type='sqlite'
    
  
16:19:58.607029 [debug]: Query executed on node unknown:
/* {"app": "dbt", "connection_name": "", "dbt_version": "2.0.0", "profile_name": "meu_projeto", "target_name": "dev"} */

    
    
        create schema if not exists "meu_banco"."main"
    
16:19:58.607207 [info ]: Started rendering (4 nodes)
16:19:58.607384 [info ]: Started model main.stg_vendas
16:19:58.607403 [debug]: Started rendering model main.stg_vendas
16:19:58.607440 [info ]: Started model main.stg_tips
16:19:58.607463 [debug]: Started rendering model main.stg_tips
16:19:58.609535 [debug]: Compiled SQL for node model.meu_projeto.stg_tips at target\compiled\meu_projeto\models\staging\stg_tips.sql
16:19:58.609556 [debug]: Compiled SQL for node model.meu_projeto.stg_vendas at target\compiled\meu_projeto\models\staging\stg_vendas.sql
16:19:58.609744 [debug]: Finished rendering [  0.00s] model main.stg_vendas [success]
16:19:58.611310 [info ]: Started analyzing (4 nodes)
16:19:58.611587 [debug]: Started analyzing model main.stg_vendas
16:19:58.611658 [debug]: Finished rendering [  0.00s] model main.stg_tips [success]
16:19:58.612167 [debug]: Started analyzing model main.stg_tips
16:19:58.619945 [debug]: Finished analyzing [  0.01s] model main.stg_vendas [success]
16:19:58.620399 [info ]: Started running (4 nodes)
16:19:58.620577 [info ]: Started running model main.stg_vendas
16:19:58.620635 [debug]: Finished analyzing [  0.01s] model main.stg_tips [success]
16:19:58.621074 [info ]: Started running model main.stg_tips
16:19:58.636783 [debug]: Query executed on node model.meu_projeto.stg_vendas:
SELECT table_catalog, table_schema, table_name, table_type FROM information_schema.tables WHERE table_schema = 'main' AND lower(table_catalog) = lower('meu_banco')
16:19:58.636797 [debug]: Query executed on node model.meu_projeto.stg_tips:
SELECT table_catalog, table_schema, table_name, table_type FROM information_schema.tables WHERE table_schema = 'main' AND lower(table_catalog) = lower('meu_banco')
16:19:58.644119 [debug]: Writing runtime sql for node "model.meu_projeto.stg_tips"
16:19:58.644281 [debug]: Writing runtime sql for node "model.meu_projeto.stg_vendas"
16:19:58.661139 [debug]: Query executed on node model.meu_projeto.stg_vendas:
/* {"app": "dbt", "dbt_version": "2.0.0", "node_id": "model.meu_projeto.stg_vendas", "profile_name": "meu_projeto", "target_name": "dev"} */

  
  create view "meu_banco"."main"."stg_vendas__dbt_tmp" as (
    SELECT
    id,
    cliente,
    categoria,
    valor,
    data_venda
from read_csv_auto('models\data\stg_vendas.csv')
  );

16:19:58.668964 [debug]: Query executed on node model.meu_projeto.stg_vendas:
/* {"app": "dbt", "dbt_version": "2.0.0", "node_id": "model.meu_projeto.stg_vendas", "profile_name": "meu_projeto", "target_name": "dev"} */
alter view "meu_banco"."main"."stg_vendas" rename to "stg_vendas__dbt_backup"
16:19:58.675937 [debug]: Query executed on node model.meu_projeto.stg_vendas:
/* {"app": "dbt", "dbt_version": "2.0.0", "node_id": "model.meu_projeto.stg_vendas", "profile_name": "meu_projeto", "target_name": "dev"} */
alter view "meu_banco"."main"."stg_vendas__dbt_tmp" rename to "stg_vendas"
16:19:58.680579 [debug]: Query executed on node model.meu_projeto.stg_tips:
/* {"app": "dbt", "dbt_version": "2.0.0", "node_id": "model.meu_projeto.stg_tips", "profile_name": "meu_projeto", "target_name": "dev"} */

  
  create view "meu_banco"."main"."stg_tips__dbt_tmp" as (
    select
    total_bill,
    tip,
    sex,
    day,
    total_bill + tip as valor_total
from read_csv_auto('models/data/tips.csv')
  );

16:19:58.685565 [debug]: Query executed on node model.meu_projeto.stg_vendas:
/* {"app": "dbt", "dbt_version": "2.0.0", "node_id": "model.meu_projeto.stg_vendas", "profile_name": "meu_projeto", "target_name": "dev"} */

      drop view if exists "meu_banco"."main"."stg_vendas__dbt_backup" cascade
    
16:19:58.686838 [debug]: Query executed on node model.meu_projeto.stg_tips:
/* {"app": "dbt", "dbt_version": "2.0.0", "node_id": "model.meu_projeto.stg_tips", "profile_name": "meu_projeto", "target_name": "dev"} */
alter view "meu_banco"."main"."stg_tips" rename to "stg_tips__dbt_backup"
16:19:58.686594 [info ]: Finished running [  0.07s] model main.stg_vendas [success]
16:19:58.687057 [info ]:  Succeeded [  0.08s] model main.stg_vendas (view)
16:19:58.687682 [info ]: Started model main.fct_vendas
16:19:58.687713 [debug]: Started rendering model main.fct_vendas
16:19:58.690180 [debug]: Compiled SQL for node model.meu_projeto.fct_vendas at target\compiled\meu_projeto\models\marts\fct_vendas.sql
16:19:58.690680 [debug]: Finished rendering [  0.00s] model main.fct_vendas [success]
16:19:58.691352 [debug]: Started analyzing model main.fct_vendas
16:19:58.694284 [debug]: Query executed on node model.meu_projeto.stg_tips:
/* {"app": "dbt", "dbt_version": "2.0.0", "node_id": "model.meu_projeto.stg_tips", "profile_name": "meu_projeto", "target_name": "dev"} */
alter view "meu_banco"."main"."stg_tips__dbt_tmp" rename to "stg_tips"
16:19:58.703035 [debug]: Query executed on node model.meu_projeto.stg_tips:
/* {"app": "dbt", "dbt_version": "2.0.0", "node_id": "model.meu_projeto.stg_tips", "profile_name": "meu_projeto", "target_name": "dev"} */

      drop view if exists "meu_banco"."main"."stg_tips__dbt_backup" cascade
    
16:19:58.704317 [info ]: Finished running [  0.08s] model main.stg_tips [success]
16:19:58.705246 [info ]:  Succeeded [  0.10s] model main.stg_tips (view)
16:19:58.706211 [info ]: Started model main.fct_resumo
16:19:58.706244 [debug]: Started rendering model main.fct_resumo
16:19:58.710873 [debug]: Compiled SQL for node model.meu_projeto.fct_resumo at target\compiled\meu_projeto\models\marts\fct_resumo.sql
16:19:58.711343 [debug]: Finished rendering [  0.01s] model main.fct_resumo [success]
16:19:58.712333 [info ]: Finished rendering [  0.11s] (4 nodes, 0 skipped, 0 errors)
16:19:58.717933 [debug]: Started analyzing model main.fct_resumo
16:19:58.719882 [debug]: Finished analyzing [  0.03s] model main.fct_vendas [success]
16:19:58.720368 [info ]: Started running model main.fct_vendas
16:19:58.720431 [debug]: Finished analyzing [  0.00s] model main.fct_resumo [success]
16:19:58.720756 [info ]: Finished analyzing [  0.11s] (4 nodes, 0 skipped, 0 errors)
16:19:58.721260 [info ]: Started running model main.fct_resumo
16:19:58.728422 [debug]: Writing runtime sql for node "model.meu_projeto.fct_vendas"
16:19:58.729060 [debug]: Writing runtime sql for node "model.meu_projeto.fct_resumo"
16:19:58.746256 [debug]: Query executed on node model.meu_projeto.fct_vendas:
/* {"app": "dbt", "dbt_version": "2.0.0", "node_id": "model.meu_projeto.fct_vendas", "profile_name": "meu_projeto", "target_name": "dev"} */

  
    
    
    create  table
      "meu_banco"."main"."fct_vendas__dbt_tmp"
  
    as (
      SELECT
    cliente,
    COUNT(*) AS quantidade_vendas,
    SUM(valor) AS total_vendas,
    AVG(valor) AS media_vendas,
    max(valor) as maior_venda,
    min(valor) as menor_venda,
    dense_rank() over (order by sum(valor) desc) as ranking_cliente,
    ROUND( sum(valor) over() * 100.0 / SUM(valor) OVER (PARTITION BY cliente), 2 )as percentual_total
FROM "meu_banco"."main"."stg_vendas"
GROUP BY cliente
    );
  
    
  
16:19:58.775273 [debug]: Query executed on node model.meu_projeto.fct_resumo:
/* {"app": "dbt", "dbt_version": "2.0.0", "node_id": "model.meu_projeto.fct_resumo", "profile_name": "meu_projeto", "target_name": "dev"} */

  
    
    
    create  table
      "meu_banco"."main"."fct_resumo__dbt_tmp"
  
    as (
      select
    day,
    sex,
    sum(valor_total) as total_vendas,
    avg(valor_total) as media_vendas,
    count(*) as quantidade
from "meu_banco"."main"."stg_tips"
group by 1,2
    );
  
    
  
16:19:58.778653 [debug]: Query executed on node model.meu_projeto.fct_resumo:
/* {"app": "dbt", "dbt_version": "2.0.0", "node_id": "model.meu_projeto.fct_resumo", "profile_name": "meu_projeto", "target_name": "dev"} */

    SELECT index_name
    FROM duckdb_indexes()
    WHERE schema_name = 'main'
      AND table_name = 'fct_resumo'
  
16:19:58.782449 [debug]: Query executed on node model.meu_projeto.fct_resumo:
/* {"app": "dbt", "dbt_version": "2.0.0", "node_id": "model.meu_projeto.fct_resumo", "profile_name": "meu_projeto", "target_name": "dev"} */

    SELECT COUNT(*) as remaining_indexes
    FROM duckdb_indexes()
    WHERE schema_name = 'main'
      AND table_name = 'fct_resumo'
  
16:19:58.788263 [debug]: Query executed on node model.meu_projeto.fct_resumo:
/* {"app": "dbt", "dbt_version": "2.0.0", "node_id": "model.meu_projeto.fct_resumo", "profile_name": "meu_projeto", "target_name": "dev"} */
alter table "meu_banco"."main"."fct_resumo" rename to "fct_resumo__dbt_backup"
16:19:58.792647 [debug]: Query executed on node model.meu_projeto.fct_resumo:
/* {"app": "dbt", "dbt_version": "2.0.0", "node_id": "model.meu_projeto.fct_resumo", "profile_name": "meu_projeto", "target_name": "dev"} */
alter table "meu_banco"."main"."fct_resumo__dbt_tmp" rename to "fct_resumo"
16:19:58.800339 [debug]: Query executed on node model.meu_projeto.fct_resumo:
/* {"app": "dbt", "dbt_version": "2.0.0", "node_id": "model.meu_projeto.fct_resumo", "profile_name": "meu_projeto", "target_name": "dev"} */

      drop table if exists "meu_banco"."main"."fct_resumo__dbt_backup" cascade
    
16:19:58.801212 [info ]: Finished running [  0.08s] model main.fct_resumo [success]
16:19:58.801579 [info ]:  Succeeded [  0.09s] model main.fct_resumo (table)
16:19:59.770947 [error]: [DbDriverFailed (dbt1308)]: Database Error in model fct_vendas (target\run\meu_projeto\models\marts\fct_vendas.sql)
  Binder Error: column "valor" must appear in the GROUP BY clause or must be part of an aggregate function.
  Either add it to the GROUP BY list, or use "ANY_VALUE(valor)" if the exact value of "valor" is not important.
  
  LINE 18:     ROUND( sum(valor) over() * 100.0 / SUM(valor) OVER (PARTITION BY cliente...
                          ^
  (in run\meu_projeto\models/marts\fct_vendas.sql)
16:19:59.771089 [info ]: Finished running [  1.05s] model main.fct_vendas [error]
16:19:59.774041 [info ]: Finished running [  1.15s] (4 nodes, 0 skipped, 1 errors)
16:19:59.872342 [info ]:     Failed [  1.08s] model main.fct_vendas (table)
16:19:59.970669 [info ]: New version available 2.0.0-preview.210 (run `dbt system update`)
16:20:00.089903 [info ]: 
==================== Execution Summary =====================
Finished 'run' with 1 error for target 'dev' [2.2s]
Processed: 4 models
Summary: 4 total | 3 success | 1 error
==================== 2026-08-19T16:20:16.714073Z | 01a01ad2-c8c5-70e2-a107-669e1791e7a0 ====================
16:20:16.714285 [info ]: dbt-fusion 2.0.0-preview.205
16:20:16.715242 [info ]: Started loading project
16:20:16.719965 [info ]: Loading ~/.dbt/profiles.yml
16:20:16.736606 [debug]:    Started loading packages
16:20:16.742889 [debug]:     Loaded [  0.01s] packages
16:20:16.744107 [info ]: Finished loading project [  0.03s]
16:20:16.745175 [info ]: Started parsing
16:20:16.805763 [debug]: Finished parsing models/staging/stg_tips.yml [  0.00s]
16:20:16.806150 [debug]: Finished parsing models/staging/stg_vendas.yml [  0.00s]
16:20:16.808436 [debug]: Finished parsing models/marts/fct_resumo.sql [  0.00s]
16:20:16.809094 [debug]: Finished parsing models/marts/fct_vendas.sql [  0.00s]
16:20:16.809779 [debug]: Finished parsing models/staging/stg_tips.sql [  0.00s]
16:20:16.810432 [debug]: Finished parsing models/staging/stg_vendas.sql [  0.00s]
16:20:16.825679 [debug]: Finished parsing target\generic_tests\not_null_stg_tips_day.sql [  0.00s]
16:20:16.827132 [debug]: Finished parsing target\generic_tests\not_null_stg_tips_sex.sql [  0.00s]
16:20:16.831689 [debug]: Finished parsing target\generic_tests\not_null_stg_tips_tip.sql [  0.00s]
16:20:16.832999 [debug]: Finished parsing target\generic_tests\not_null_stg_tips_total_bill.sql [  0.00s]
16:20:16.833896 [debug]: Finished parsing target\generic_tests\not_null_stg_vendas_cliente.sql [  0.00s]
16:20:16.835065 [debug]: Finished parsing target\generic_tests\unique_stg_vendas_id.sql [  0.00s]
16:20:16.837726 [debug]: Finished parsing target\generic_tests\not_null_stg_vendas_id.sql [  0.00s]
16:20:16.838709 [debug]: Finished parsing target\generic_tests\not_null_stg_vendas_valor.sql [  0.00s]
16:20:17.205763 [info ]: Finished parsing [  0.46s]
16:20:17.207040 [info ]: Started scheduling
16:20:17.207415 [info ]: Finished scheduling [  0.00s]
16:20:17.224562 [debug]: No platform credentials found, skipping remote license
16:20:17.224867 [debug]: License check failed: Feature not licensed: 'lineage'
16:20:17.225339 [info ]: Started building task graph
16:20:17.225684 [info ]: Finished building task graph [  0.00s]
16:20:17.273014 [debug]: Query executed on node unknown:
/* {"app": "dbt", "connection_name": "", "dbt_version": "2.0.0", "profile_name": "meu_projeto", "target_name": "dev"} */

    
    select schema_name
    from system.information_schema.schemata
    
    where lower(catalog_name) = '"meu_banco"'
    
  
  
16:20:17.274630 [debug]: Query executed on node unknown:
/* {"app": "dbt", "connection_name": "", "dbt_version": "2.0.0", "profile_name": "meu_projeto", "target_name": "dev"} */

    
        select type from duckdb_databases()
        where lower(database_name)='meu_banco'
        and type='sqlite'
    
  
16:20:17.275505 [debug]: Query executed on node unknown:
/* {"app": "dbt", "connection_name": "", "dbt_version": "2.0.0", "profile_name": "meu_projeto", "target_name": "dev"} */

    
    
        create schema if not exists "meu_banco"."main"
    
16:20:17.275702 [info ]: Started rendering (4 nodes)
16:20:17.275872 [info ]: Started model main.stg_vendas
16:20:17.275891 [debug]: Started rendering model main.stg_vendas
16:20:17.275933 [info ]: Started model main.stg_tips
16:20:17.275969 [debug]: Started rendering model main.stg_tips
16:20:17.277930 [debug]: Compiled SQL for node model.meu_projeto.stg_vendas at target\compiled\meu_projeto\models\staging\stg_vendas.sql
16:20:17.277946 [debug]: Compiled SQL for node model.meu_projeto.stg_tips at target\compiled\meu_projeto\models\staging\stg_tips.sql
16:20:17.278118 [debug]: Finished rendering [  0.00s] model main.stg_tips [success]
16:20:17.279943 [info ]: Started analyzing (4 nodes)
16:20:17.280104 [debug]: Started analyzing model main.stg_tips
16:20:17.280169 [debug]: Finished rendering [  0.00s] model main.stg_vendas [success]
16:20:17.280402 [debug]: Started analyzing model main.stg_vendas
16:20:17.291485 [debug]: Finished analyzing [  0.01s] model main.stg_vendas [success]
16:20:17.291916 [info ]: Started running (4 nodes)
16:20:17.292085 [info ]: Started running model main.stg_vendas
16:20:17.292135 [debug]: Finished analyzing [  0.01s] model main.stg_tips [success]
16:20:17.292442 [info ]: Started running model main.stg_tips
16:20:17.304972 [debug]: Query executed on node model.meu_projeto.stg_tips:
SELECT table_catalog, table_schema, table_name, table_type FROM information_schema.tables WHERE table_schema = 'main' AND lower(table_catalog) = lower('meu_banco')
16:20:17.304974 [debug]: Query executed on node model.meu_projeto.stg_vendas:
SELECT table_catalog, table_schema, table_name, table_type FROM information_schema.tables WHERE table_schema = 'main' AND lower(table_catalog) = lower('meu_banco')
16:20:17.312420 [debug]: Writing runtime sql for node "model.meu_projeto.stg_tips"
16:20:17.312977 [debug]: Writing runtime sql for node "model.meu_projeto.stg_vendas"
16:20:17.336589 [debug]: Query executed on node model.meu_projeto.stg_vendas:
/* {"app": "dbt", "dbt_version": "2.0.0", "node_id": "model.meu_projeto.stg_vendas", "profile_name": "meu_projeto", "target_name": "dev"} */

  
  create view "meu_banco"."main"."stg_vendas__dbt_tmp" as (
    SELECT
    id,
    cliente,
    categoria,
    valor,
    data_venda
from read_csv_auto('models\data\stg_vendas.csv')
  );

16:20:17.374354 [debug]: Query executed on node model.meu_projeto.stg_vendas:
/* {"app": "dbt", "dbt_version": "2.0.0", "node_id": "model.meu_projeto.stg_vendas", "profile_name": "meu_projeto", "target_name": "dev"} */
alter view "meu_banco"."main"."stg_vendas" rename to "stg_vendas__dbt_backup"
16:20:17.377414 [debug]: Query executed on node model.meu_projeto.stg_tips:
/* {"app": "dbt", "dbt_version": "2.0.0", "node_id": "model.meu_projeto.stg_tips", "profile_name": "meu_projeto", "target_name": "dev"} */

  
  create view "meu_banco"."main"."stg_tips__dbt_tmp" as (
    select
    total_bill,
    tip,
    sex,
    day,
    total_bill + tip as valor_total
from read_csv_auto('models/data/tips.csv')
  );

16:20:17.380410 [debug]: Query executed on node model.meu_projeto.stg_vendas:
/* {"app": "dbt", "dbt_version": "2.0.0", "node_id": "model.meu_projeto.stg_vendas", "profile_name": "meu_projeto", "target_name": "dev"} */
alter view "meu_banco"."main"."stg_vendas__dbt_tmp" rename to "stg_vendas"
16:20:17.384677 [debug]: Query executed on node model.meu_projeto.stg_tips:
/* {"app": "dbt", "dbt_version": "2.0.0", "node_id": "model.meu_projeto.stg_tips", "profile_name": "meu_projeto", "target_name": "dev"} */
alter view "meu_banco"."main"."stg_tips" rename to "stg_tips__dbt_backup"
16:20:17.388897 [debug]: Query executed on node model.meu_projeto.stg_vendas:
/* {"app": "dbt", "dbt_version": "2.0.0", "node_id": "model.meu_projeto.stg_vendas", "profile_name": "meu_projeto", "target_name": "dev"} */

      drop view if exists "meu_banco"."main"."stg_vendas__dbt_backup" cascade
    
16:20:17.390785 [debug]: Query executed on node model.meu_projeto.stg_tips:
/* {"app": "dbt", "dbt_version": "2.0.0", "node_id": "model.meu_projeto.stg_tips", "profile_name": "meu_projeto", "target_name": "dev"} */
alter view "meu_banco"."main"."stg_tips__dbt_tmp" rename to "stg_tips"
16:20:17.399084 [debug]: Query executed on node model.meu_projeto.stg_tips:
/* {"app": "dbt", "dbt_version": "2.0.0", "node_id": "model.meu_projeto.stg_tips", "profile_name": "meu_projeto", "target_name": "dev"} */

      drop view if exists "meu_banco"."main"."stg_tips__dbt_backup" cascade
    
16:20:17.390131 [info ]: Finished running [  0.10s] model main.stg_vendas [success]
16:20:17.527976 [info ]:  Succeeded [  0.11s] model main.stg_vendas (view)
16:20:17.530278 [info ]: Started model main.fct_vendas
16:20:17.530316 [debug]: Started rendering model main.fct_vendas
16:20:17.530388 [info ]: Finished running [  0.24s] model main.stg_tips [success]
16:20:17.530896 [info ]:  Succeeded [  0.25s] model main.stg_tips (view)
16:20:17.531992 [info ]: Started model main.fct_resumo
16:20:17.532022 [debug]: Started rendering model main.fct_resumo
16:20:17.533140 [debug]: Compiled SQL for node model.meu_projeto.fct_vendas at target\compiled\meu_projeto\models\marts\fct_vendas.sql
16:20:17.536540 [debug]: Compiled SQL for node model.meu_projeto.fct_resumo at target\compiled\meu_projeto\models\marts\fct_resumo.sql
16:20:17.533609 [debug]: Finished rendering [  0.00s] model main.fct_vendas [success]
16:20:17.539371 [debug]: Started analyzing model main.fct_vendas
16:20:17.539458 [debug]: Finished rendering [  0.01s] model main.fct_resumo [success]
16:20:17.541855 [info ]: Finished rendering [  0.27s] (4 nodes, 0 skipped, 0 errors)
16:20:17.542900 [debug]: Started analyzing model main.fct_resumo
16:20:17.548262 [debug]: Finished analyzing [  0.01s] model main.fct_resumo [success]
16:20:17.548837 [info ]: Started running model main.fct_resumo
16:20:17.558218 [debug]: Writing runtime sql for node "model.meu_projeto.fct_resumo"
16:20:17.565079 [debug]: Finished analyzing [  0.03s] model main.fct_vendas [success]
16:20:17.575761 [info ]: Finished analyzing [  0.30s] (4 nodes, 0 skipped, 0 errors)
16:20:17.576252 [info ]: Started running model main.fct_vendas
16:20:17.585018 [debug]: Writing runtime sql for node "model.meu_projeto.fct_vendas"
16:20:17.608917 [debug]: Query executed on node model.meu_projeto.fct_resumo:
/* {"app": "dbt", "dbt_version": "2.0.0", "node_id": "model.meu_projeto.fct_resumo", "profile_name": "meu_projeto", "target_name": "dev"} */

  
    
    
    create  table
      "meu_banco"."main"."fct_resumo__dbt_tmp"
  
    as (
      select
    day,
    sex,
    sum(valor_total) as total_vendas,
    avg(valor_total) as media_vendas,
    count(*) as quantidade
from "meu_banco"."main"."stg_tips"
group by 1,2
    );
  
    
  
16:20:17.612036 [debug]: Query executed on node model.meu_projeto.fct_resumo:
/* {"app": "dbt", "dbt_version": "2.0.0", "node_id": "model.meu_projeto.fct_resumo", "profile_name": "meu_projeto", "target_name": "dev"} */

    SELECT index_name
    FROM duckdb_indexes()
    WHERE schema_name = 'main'
      AND table_name = 'fct_resumo'
  
16:20:17.615601 [debug]: Query executed on node model.meu_projeto.fct_resumo:
/* {"app": "dbt", "dbt_version": "2.0.0", "node_id": "model.meu_projeto.fct_resumo", "profile_name": "meu_projeto", "target_name": "dev"} */

    SELECT COUNT(*) as remaining_indexes
    FROM duckdb_indexes()
    WHERE schema_name = 'main'
      AND table_name = 'fct_resumo'
  
16:20:17.623405 [debug]: Query executed on node model.meu_projeto.fct_resumo:
/* {"app": "dbt", "dbt_version": "2.0.0", "node_id": "model.meu_projeto.fct_resumo", "profile_name": "meu_projeto", "target_name": "dev"} */
alter table "meu_banco"."main"."fct_resumo" rename to "fct_resumo__dbt_backup"
16:20:17.629551 [debug]: Query executed on node model.meu_projeto.fct_resumo:
/* {"app": "dbt", "dbt_version": "2.0.0", "node_id": "model.meu_projeto.fct_resumo", "profile_name": "meu_projeto", "target_name": "dev"} */
alter table "meu_banco"."main"."fct_resumo__dbt_tmp" rename to "fct_resumo"
16:20:17.638834 [debug]: Query executed on node model.meu_projeto.fct_resumo:
/* {"app": "dbt", "dbt_version": "2.0.0", "node_id": "model.meu_projeto.fct_resumo", "profile_name": "meu_projeto", "target_name": "dev"} */

      drop table if exists "meu_banco"."main"."fct_resumo__dbt_backup" cascade
    
16:20:17.640010 [info ]: Finished running [  0.09s] model main.fct_resumo [success]
16:20:17.640452 [info ]:  Succeeded [  0.10s] model main.fct_resumo (table)
16:20:17.649610 [debug]: Query executed on node model.meu_projeto.fct_vendas:
/* {"app": "dbt", "dbt_version": "2.0.0", "node_id": "model.meu_projeto.fct_vendas", "profile_name": "meu_projeto", "target_name": "dev"} */

  
    
    
    create  table
      "meu_banco"."main"."fct_vendas__dbt_tmp"
  
    as (
      SELECT
    cliente,
    COUNT(*) AS quantidade_vendas,
    SUM(valor) AS total_vendas,
    AVG(valor) AS media_vendas,
    max(valor) as maior_venda,
    min(valor) as menor_venda,
    dense_rank() over (order by sum(valor) desc) as ranking_cliente,
    ROUND( sum(valor) over() * 100.0 / SUM(valor) OVER (PARTITION BY cliente), 2 )as percentual_total
FROM "meu_banco"."main"."stg_vendas"
GROUP BY cliente,valor
    );
  
    
  
16:20:17.654081 [debug]: Query executed on node model.meu_projeto.fct_vendas:
/* {"app": "dbt", "dbt_version": "2.0.0", "node_id": "model.meu_projeto.fct_vendas", "profile_name": "meu_projeto", "target_name": "dev"} */

    SELECT index_name
    FROM duckdb_indexes()
    WHERE schema_name = 'main'
      AND table_name = 'fct_vendas'
  
16:20:17.657323 [debug]: Query executed on node model.meu_projeto.fct_vendas:
/* {"app": "dbt", "dbt_version": "2.0.0", "node_id": "model.meu_projeto.fct_vendas", "profile_name": "meu_projeto", "target_name": "dev"} */

    SELECT COUNT(*) as remaining_indexes
    FROM duckdb_indexes()
    WHERE schema_name = 'main'
      AND table_name = 'fct_vendas'
  
16:20:17.662432 [debug]: Query executed on node model.meu_projeto.fct_vendas:
/* {"app": "dbt", "dbt_version": "2.0.0", "node_id": "model.meu_projeto.fct_vendas", "profile_name": "meu_projeto", "target_name": "dev"} */
alter view "meu_banco"."main"."fct_vendas" rename to "fct_vendas__dbt_backup"
16:20:17.666735 [debug]: Query executed on node model.meu_projeto.fct_vendas:
/* {"app": "dbt", "dbt_version": "2.0.0", "node_id": "model.meu_projeto.fct_vendas", "profile_name": "meu_projeto", "target_name": "dev"} */
alter table "meu_banco"."main"."fct_vendas__dbt_tmp" rename to "fct_vendas"
16:20:17.676007 [debug]: Query executed on node model.meu_projeto.fct_vendas:
/* {"app": "dbt", "dbt_version": "2.0.0", "node_id": "model.meu_projeto.fct_vendas", "profile_name": "meu_projeto", "target_name": "dev"} */

      drop view if exists "meu_banco"."main"."fct_vendas__dbt_backup" cascade
    
16:20:17.677415 [info ]: Finished running [  0.10s] model main.fct_vendas [success]
16:20:17.677861 [info ]: Finished running [  0.39s] (4 nodes, 0 skipped, 0 errors)
16:20:17.678268 [info ]:  Succeeded [  0.13s] model main.fct_vendas (table)
16:20:17.744578 [info ]: New version available 2.0.0-preview.210 (run `dbt system update`)
16:20:17.954938 [info ]: 
==================== Execution Summary =====================
Finished 'run' successfully for target 'dev' [1.2s]
Processed: 4 models
Summary: 4 total | 4 success
